id,kategori,context,input_raw,output_formal
DSN0001,jadwal_kelas,dosen,pa besok ada kelas ga,"Pak, mohon izin bertanya, apakah besok ada perkuliahan, Pak? Terima kasih 🙏"
DSN0002,jadwal_kelas,dosen,bu besok jadi masuk ga,"Bu, mohon izin bertanya, apakah besok perkuliahan tetap dilaksanakan, Bu? Terima kasih 🙏"
DSN0003,jadwal_kelas,dosen,pak kelas hari ini jadi jam berapa,"Pak, mohon izin bertanya, kelas hari ini dimulai pukul berapa ya, Pak? Terima kasih 🙏"
DSN0004,jadwal_kelas,dosen,bu kelasnya mulai jam brp ya,"Bu, mohon izin bertanya, kelas hari ini dimulai pukul berapa ya, Bu? Terima kasih 🙏"
DSN0005,jadwal_kelas,dosen,ass pak besok kelasnya online apa offline,"Assalaamu'alaikum Pak, mohon izin bertanya, untuk perkuliahan besok dilaksanakan secara online atau offline ya, Pak? Terima kasih 🙏"
DSN0006,jadwal_kelas,dosen,aslm bu minggu ini ada kelas pengganti ga,"Assalaamu'alaikum Bu, mohon izin bertanya, apakah minggu ini ada kelas pengganti, Bu? Terima kasih 🙏"
DSN0007,jadwal_kelas,dosen,pa jadwal kelas minggu depan gimana,"Pak, mohon izin bertanya, bagaimana jadwal perkuliahan untuk minggu depan, Pak? Terima kasih 🙏"
DSN0008,jadwal_kelas,dosen,bu hari ini masuk sesuai jadwal ga,"Bu, mohon izin bertanya, apakah perkuliahan hari ini tetap sesuai jadwal, Bu? Terima kasih 🙏"
DSN0009,jadwal_kelas,dosen,pak kuliah hari ini kosong ga ya,"Pak, mohon izin bertanya, apakah perkuliahan hari ini tetap dilaksanakan, Pak? Terima kasih 🙏"
DSN0010,jadwal_kelas,dosen,ass bu besok mulai jam berapa,"Assalaamu'alaikum Bu, mohon izin bertanya, perkuliahan besok dimulai pukul berapa ya, Bu? Terima kasih 🙏"
DSN0011,ruang_kelas,dosen,pa kelasnya dimana ya,"Pak, mohon izin bertanya, perkuliahan ini dilaksanakan di ruangan mana ya, Pak? Terima kasih 🙏"
DSN0012,ruang_kelas,dosen,bu ruang kelasnya apa ya,"Bu, mohon izin bertanya, perkuliahan ini menggunakan ruangan apa ya, Bu? Terima kasih 🙏"
DSN0013,ruang_kelas,dosen,pak masuknya ruang berapa,"Pak, mohon izin bertanya, perkuliahan ini dilaksanakan di ruang berapa ya, Pak? Terima kasih 🙏"
DSN0014,ruang_kelas,dosen,bu kelas pindah ruangan kah,"Bu, mohon izin bertanya, apakah perkuliahan hari ini pindah ruangan, Bu? Terima kasih 🙏"
DSN0015,ruang_kelas,dosen,ass pak kelasnya di lab apa kelas biasa,"Assalaamu'alaikum Pak, mohon izin bertanya, perkuliahan hari ini dilaksanakan di laboratorium atau ruang kelas biasa ya, Pak? Terima kasih 🙏"
DSN0016,ruang_kelas,dosen,aslm bu ruangannya belum tau,"Assalaamu'alaikum Bu, mohon izin bertanya, saya belum mengetahui ruangan perkuliahan hari ini, Bu. Terima kasih 🙏"
DSN0017,ruang_kelas,dosen,pa lokasi kelasnya di gedung mana,"Pak, mohon izin bertanya, perkuliahan ini dilaksanakan di gedung mana ya, Pak? Terima kasih 🙏"
DSN0018,ruang_kelas,dosen,bu kelasnya jadi di ruangan lama ga,"Bu, mohon izin bertanya, apakah perkuliahan tetap dilaksanakan di ruangan sebelumnya, Bu? Terima kasih 🙏"
DSN0019,ruang_kelas,dosen,pak ruangan buat presentasi dimana,"Pak, mohon izin bertanya, ruangan untuk presentasi dilaksanakan di mana ya, Pak? Terima kasih 🙏"
DSN0020,ruang_kelas,dosen,ass bu saya belum nemu ruang kelasnya,"Assalaamu'alaikum Bu, mohon izin, saya belum menemukan ruangan perkuliahan hari ini, Bu. Terima kasih 🙏"
DSN0021,materi,dosen,pa materinya mana ya,"Pak, mohon izin bertanya, materi untuk perkuliahan ini dapat saya akses di mana ya, Pak? Terima kasih 🙏"
DSN0022,materi,dosen,bu file materinya dikirim dimana,"Bu, mohon izin bertanya, file materi perkuliahan ini dibagikan melalui media apa ya, Bu? Terima kasih 🙏"
DSN0023,materi,dosen,pak ppt nya ada ga,"Pak, mohon izin bertanya, apakah materi presentasi atau PPT perkuliahan dapat dibagikan, Pak? Terima kasih 🙏"
DSN0024,materi,dosen,bu modulnya bisa minta ga,"Bu, mohon izin bertanya, apakah saya dapat memperoleh modul perkuliahan, Bu? Terima kasih 🙏"
DSN0025,materi,dosen,ass pak materi minggu kemarin ada dimana,"Assalaamu'alaikum Pak, mohon izin bertanya, materi perkuliahan minggu lalu dapat saya akses di mana ya, Pak? Terima kasih 🙏"
DSN0026,materi,dosen,aslm bu saya cari materi belum ketemu,"Assalaamu'alaikum Bu, mohon izin, saya belum menemukan materi perkuliahan. Apakah Ibu berkenan menginformasikan tempat aksesnya? Terima kasih 🙏"
DSN0027,materi,dosen,pa bahan buat uts apa aja,"Pak, mohon izin bertanya, materi apa saja yang perlu dipelajari untuk UTS, Pak? Terima kasih 🙏"
DSN0028,materi,dosen,bu materi buat presentasi yang mana,"Bu, mohon izin bertanya, materi untuk presentasi menggunakan bagian yang mana ya, Bu? Terima kasih 🙏"
DSN0029,materi,dosen,pak rekaman kelas kemarin ada ga,"Pak, mohon izin bertanya, apakah rekaman perkuliahan kemarin dapat diakses, Pak? Terima kasih 🙏"
DSN0030,materi,dosen,ass bu link materi error,"Assalaamu'alaikum Bu, mohon izin, tautan materi yang saya akses mengalami kendala, Bu. Terima kasih 🙏"
DSN0031,tugas,dosen,pa tugasnya apa ya,"Pak, mohon izin bertanya, tugas yang perlu dikerjakan apa ya, Pak? Terima kasih 🙏"
DSN0032,tugas,dosen,bu tugas minggu ini ngapain,"Bu, mohon izin bertanya, tugas untuk minggu ini apa yang perlu dikerjakan, Bu? Terima kasih 🙏"
DSN0033,tugas,dosen,pak format tugasnya gimana,"Pak, mohon izin bertanya, bagaimana format pengerjaan tugas yang benar, Pak? Terima kasih 🙏"
DSN0034,tugas,dosen,bu tugasnya individu apa kelompok,"Bu, mohon izin bertanya, tugas ini dikerjakan secara individu atau kelompok, Bu? Terima kasih 🙏"
DSN0035,tugas,dosen,ass pak tugas dikumpul dimana,"Assalaamu'alaikum Pak, mohon izin bertanya, tugas dikumpulkan melalui media apa ya, Pak? Terima kasih 🙏"
DSN0036,tugas,dosen,aslm bu tugasnya boleh tulis tangan ga,"Assalaamu'alaikum Bu, mohon izin bertanya, apakah tugas ini diperbolehkan ditulis tangan, Bu? Terima kasih 🙏"
DSN0037,tugas,dosen,pa tugasnya file pdf atau word,"Pak, mohon izin bertanya, tugas dikumpulkan dalam format PDF atau Word ya, Pak? Terima kasih 🙏"
DSN0038,tugas,dosen,bu instruksi tugasnya kurang jelas,"Bu, mohon izin, saya ingin memastikan kembali instruksi tugas agar tidak salah pengerjaan, Bu. Terima kasih 🙏"
DSN0039,tugas,dosen,pak boleh tanya soal tugas,"Pak, mohon izin, saya ingin bertanya mengenai tugas yang diberikan, Pak. Terima kasih 🙏"
DSN0040,tugas,dosen,ass bu contoh tugasnya ada ga,"Assalaamu'alaikum Bu, mohon izin bertanya, apakah ada contoh format tugas yang dapat dijadikan acuan, Bu? Terima kasih 🙏"
DSN0041,deadline,dosen,pa deadline tugas kapan,"Pak, mohon izin bertanya, batas pengumpulan tugas sampai kapan ya, Pak? Terima kasih 🙏"
DSN0042,deadline,dosen,bu tugas dikumpulin jam berapa,"Bu, mohon izin bertanya, tugas dikumpulkan paling lambat pukul berapa ya, Bu? Terima kasih 🙏"
DSN0043,deadline,dosen,pak deadline nya hari ini ya,"Pak, mohon izin bertanya, apakah batas pengumpulan tugas pada hari ini, Pak? Terima kasih 🙏"
DSN0044,deadline,dosen,bu masih bisa ngumpul tugas ga,"Bu, mohon izin bertanya, apakah saya masih diperkenankan mengumpulkan tugas, Bu? Terima kasih 🙏"
DSN0045,deadline,dosen,ass pak telat ngumpul boleh ga,"Assalaamu'alaikum Pak, mohon maaf, apakah saya masih diperkenankan mengumpulkan tugas yang terlambat, Pak? Terima kasih 🙏"
DSN0046,deadline,dosen,aslm bu saya kelewat deadline,"Assalaamu'alaikum Bu, mohon maaf, saya melewati batas pengumpulan tugas. Apakah masih ada kesempatan untuk mengumpulkannya, Bu? Terima kasih 🙏"
DSN0047,deadline,dosen,pa deadline diundur ga,"Pak, mohon izin bertanya, apakah batas pengumpulan tugas diperpanjang, Pak? Terima kasih 🙏"
DSN0048,deadline,dosen,bu batas revisi kapan ya,"Bu, mohon izin bertanya, batas pengumpulan revisi sampai kapan ya, Bu? Terima kasih 🙏"
DSN0049,deadline,dosen,pak pengumpulan terakhir jam 12 malam kah,"Pak, mohon izin bertanya, apakah batas pengumpulan terakhir pukul 12 malam, Pak? Terima kasih 🙏"
DSN0050,deadline,dosen,ass bu tugas masih bisa nyusul ga,"Assalaamu'alaikum Bu, mohon maaf, apakah saya masih diperkenankan menyusulkan tugas, Bu? Terima kasih 🙏"
DSN0051,izin_absen,dosen,pa saya izin ga masuk hari ini,"Pak, mohon izin, saya tidak dapat mengikuti perkuliahan hari ini, Pak. Terima kasih 🙏"
DSN0052,izin_absen,dosen,bu saya izin tidak hadir karena sakit,"Bu, mohon izin, saya tidak dapat hadir pada perkuliahan hari ini karena sedang sakit, Bu. Terima kasih 🙏"
DSN0053,izin_absen,dosen,pak saya telat masuk kelas,"Pak, mohon maaf, saya terlambat mengikuti perkuliahan hari ini, Pak. Terima kasih 🙏"
DSN0054,izin_absen,dosen,bu saya ada urusan keluarga jadi ga bisa masuk,"Bu, mohon izin, saya tidak dapat mengikuti perkuliahan karena ada keperluan keluarga, Bu. Terima kasih 🙏"
DSN0055,izin_absen,dosen,ass pak saya sakit izin kelas dulu,"Assalaamu'alaikum Pak, mohon izin, saya belum dapat mengikuti perkuliahan hari ini karena sedang sakit, Pak. Terima kasih 🙏"
DSN0056,izin_absen,dosen,aslm bu saya ke dokter jadi tidak masuk,"Assalaamu'alaikum Bu, mohon izin, saya tidak dapat mengikuti perkuliahan karena harus berobat, Bu. Terima kasih 🙏"
DSN0057,izin_absen,dosen,pa saya izin keluar kelas sebentar,"Pak, mohon izin, apakah saya diperbolehkan keluar kelas sebentar, Pak? Terima kasih 🙏"
DSN0058,izin_absen,dosen,bu saya izin telat karena macet,"Bu, mohon maaf, saya kemungkinan terlambat mengikuti perkuliahan karena kendala perjalanan, Bu. Terima kasih 🙏"
DSN0059,izin_absen,dosen,pak saya jaringan jelek jadi keluar zoom,"Pak, mohon maaf, saya terkendala jaringan sehingga keluar dari Zoom, Pak. Terima kasih 🙏"
DSN0060,izin_absen,dosen,ass bu saya izin ga ikut presentasi hari ini,"Assalaamu'alaikum Bu, mohon izin, saya belum dapat mengikuti presentasi hari ini, Bu. Terima kasih 🙏"
DSN0061,absensi,dosen,pa absen saya belum masuk,"Pak, mohon izin, saya ingin mengonfirmasi karena absensi saya tampaknya belum tercatat, Pak. Terima kasih 🙏"
DSN0062,absensi,dosen,bu saya tadi hadir tapi belum keabsen,"Bu, mohon izin, saya hadir pada perkuliahan tadi, tetapi absensi saya belum tercatat, Bu. Terima kasih 🙏"
DSN0063,absensi,dosen,pak absennya dimana,"Pak, mohon izin bertanya, absensi perkuliahan hari ini dilakukan melalui media apa ya, Pak? Terima kasih 🙏"
DSN0064,absensi,dosen,bu link absen belum ada,"Bu, mohon izin bertanya, apakah tautan absensi sudah dibagikan, Bu? Terima kasih 🙏"
DSN0065,absensi,dosen,ass pak saya lupa absen,"Assalaamu'alaikum Pak, mohon maaf, saya lupa mengisi absensi. Apakah masih dapat diperbaiki, Pak? Terima kasih 🙏"
DSN0066,absensi,dosen,aslm bu absen saya salah nama,"Assalaamu'alaikum Bu, mohon izin, saya ingin mengonfirmasi karena terdapat kesalahan pada data absensi saya, Bu. Terima kasih 🙏"
DSN0067,absensi,dosen,pa absensi saya kehitung izin ya,"Pak, mohon izin bertanya, apakah absensi saya tercatat sebagai izin, Pak? Terima kasih 🙏"
DSN0068,absensi,dosen,bu saya hadir di zoom tapi absen belum masuk,"Bu, mohon izin, saya hadir melalui Zoom, tetapi absensi saya belum tercatat, Bu. Terima kasih 🙏"
DSN0069,absensi,dosen,pak boleh cek absen saya,"Pak, mohon izin, apakah Bapak berkenan membantu mengecek absensi saya, Pak? Terima kasih 🙏"
DSN0070,absensi,dosen,ass bu absen ditutup cepat,"Assalaamu'alaikum Bu, mohon izin, saya belum sempat mengisi absensi karena tautannya sudah tertutup, Bu. Terima kasih 🙏"
DSN0071,link_online,dosen,pa link zoom mana,"Pak, mohon izin bertanya, apakah Bapak berkenan membagikan tautan Zoom untuk perkuliahan hari ini, Pak? Terima kasih 🙏"
DSN0072,link_online,dosen,bu gmeet nya belum ada,"Bu, mohon izin bertanya, apakah tautan Google Meet untuk kelas hari ini sudah tersedia, Bu? Terima kasih 🙏"
DSN0073,link_online,dosen,pak kelas online pake link yang mana,"Pak, mohon izin bertanya, kelas online hari ini menggunakan tautan yang mana ya, Pak? Terima kasih 🙏"
DSN0074,link_online,dosen,bu link zoom kemarin masih dipake ga,"Bu, mohon izin bertanya, apakah tautan Zoom sebelumnya masih digunakan untuk perkuliahan hari ini, Bu? Terima kasih 🙏"
DSN0075,link_online,dosen,ass pak saya belum dapet link kelas,"Assalaamu'alaikum Pak, mohon izin, saya belum mendapatkan tautan kelas online hari ini, Pak. Terima kasih 🙏"
DSN0076,link_online,dosen,aslm bu link meet error,"Assalaamu'alaikum Bu, mohon izin, tautan Google Meet yang saya akses mengalami kendala, Bu. Terima kasih 🙏"
DSN0077,link_online,dosen,pa password zoomnya apa,"Pak, mohon izin bertanya, apakah ada password untuk masuk ke Zoom, Pak? Terima kasih 🙏"
DSN0078,link_online,dosen,bu saya tidak bisa join zoom,"Bu, mohon izin, saya mengalami kendala saat bergabung ke Zoom, Bu. Terima kasih 🙏"
DSN0079,link_online,dosen,pak rekaman zoom bisa dibagikan ga,"Pak, mohon izin bertanya, apakah rekaman Zoom perkuliahan dapat dibagikan, Pak? Terima kasih 🙏"
DSN0080,link_online,dosen,ass bu link kelas belum bisa dibuka,"Assalaamu'alaikum Bu, mohon izin, tautan kelas yang dibagikan belum dapat saya buka, Bu. Terima kasih 🙏"
DSN0081,nilai,dosen,pa nilai saya kok belum keluar,"Pak, mohon izin bertanya, apakah nilai saya sudah dapat dilihat atau masih dalam proses, Pak? Terima kasih 🙏"
DSN0082,nilai,dosen,bu saya mau tanya nilai tugas,"Bu, mohon izin, saya ingin bertanya mengenai nilai tugas saya, Bu. Terima kasih 🙏"
DSN0083,nilai,dosen,pak nilai uts saya kosong,"Pak, mohon izin, saya ingin mengonfirmasi karena nilai UTS saya belum tercantum, Pak. Terima kasih 🙏"
DSN0084,nilai,dosen,bu nilai uas saya bisa dicek,"Bu, mohon izin, apakah Ibu berkenan membantu mengecek nilai UAS saya, Bu? Terima kasih 🙏"
DSN0085,nilai,dosen,ass pak saya mau konfirmasi nilai,"Assalaamu'alaikum Pak, mohon izin, saya ingin mengonfirmasi nilai saya pada mata kuliah ini, Pak. Terima kasih 🙏"
DSN0086,nilai,dosen,aslm bu nilai saya beda sama yang diinfo,"Assalaamu'alaikum Bu, mohon izin, saya ingin mengonfirmasi perbedaan nilai yang tercantum dengan informasi sebelumnya, Bu. Terima kasih 🙏"
DSN0087,nilai,dosen,pa remedial nilainya kapan keluar,"Pak, mohon izin bertanya, nilai remedial akan diumumkan kapan ya, Pak? Terima kasih 🙏"
DSN0088,nilai,dosen,bu boleh minta rincian nilai,"Bu, mohon izin, apakah saya dapat mengetahui rincian penilaian saya, Bu? Terima kasih 🙏"
DSN0089,nilai,dosen,pak nilai akhir belum masuk siakad,"Pak, mohon izin, saya ingin mengonfirmasi karena nilai akhir saya belum tercantum di SIAKAD, Pak. Terima kasih 🙏"
DSN0090,nilai,dosen,ass bu nilai saya bisa direvisi ga,"Assalaamu'alaikum Bu, mohon izin, apakah saya diperbolehkan mengajukan pengecekan ulang nilai, Bu? Terima kasih 🙏"
DSN0091,revisi,dosen,pa revisi tugas saya bagian mana,"Pak, mohon izin bertanya, bagian mana dari tugas saya yang perlu direvisi, Pak? Terima kasih 🙏"
DSN0092,revisi,dosen,bu revisinya dikumpul kapan,"Bu, mohon izin bertanya, revisi tugas dikumpulkan paling lambat kapan ya, Bu? Terima kasih 🙏"
DSN0093,revisi,dosen,pak saya sudah revisi tugas,"Pak, mohon izin, saya sudah melakukan revisi tugas sesuai arahan Bapak. Terima kasih 🙏"
DSN0094,revisi,dosen,bu boleh cek revisi saya,"Bu, mohon izin, apakah Ibu berkenan memeriksa revisi yang sudah saya kerjakan, Bu? Terima kasih 🙏"
DSN0095,revisi,dosen,ass pak revisi saya kirim lewat mana,"Assalaamu'alaikum Pak, mohon izin bertanya, revisi tugas saya kirimkan melalui media apa ya, Pak? Terima kasih 🙏"
DSN0096,revisi,dosen,aslm bu apakah revisi saya sudah sesuai,"Assalaamu'alaikum Bu, mohon izin, apakah revisi yang saya kerjakan sudah sesuai dengan arahan Ibu? Terima kasih 🙏"
DSN0097,revisi,dosen,pa saya belum paham revisinya,"Pak, mohon izin, saya masih belum memahami bagian revisi yang perlu diperbaiki, Pak. Terima kasih 🙏"
DSN0098,revisi,dosen,bu boleh revisi ulang ga,"Bu, mohon izin bertanya, apakah saya diperbolehkan melakukan revisi ulang, Bu? Terima kasih 🙏"
DSN0099,revisi,dosen,pak catatan revisinya dimana,"Pak, mohon izin bertanya, catatan revisi dapat saya lihat di mana ya, Pak? Terima kasih 🙏"
DSN0100,revisi,dosen,ass bu saya sudah upload revisi,"Assalaamu'alaikum Bu, mohon izin, saya sudah mengunggah revisi tugas, Bu. Terima kasih 🙏"
DSN0101,konsultasi,dosen,pa saya mau konsultasi boleh,"Pak, mohon izin, apakah saya dapat melakukan konsultasi dengan Bapak? Terima kasih 🙏"
DSN0102,konsultasi,dosen,bu kapan bisa bimbingan,"Bu, mohon izin bertanya, kapan saya dapat melakukan bimbingan dengan Ibu? Terima kasih 🙏"
DSN0103,konsultasi,dosen,pak ada waktu buat diskusi tugas,"Pak, mohon izin, apakah Bapak memiliki waktu untuk berdiskusi mengenai tugas saya? Terima kasih 🙏"
DSN0104,konsultasi,dosen,bu saya mau tanya project,"Bu, mohon izin, saya ingin berkonsultasi mengenai project yang sedang saya kerjakan, Bu. Terima kasih 🙏"
DSN0105,konsultasi,dosen,ass pak bisa konsultasi online ga,"Assalaamu'alaikum Pak, mohon izin bertanya, apakah konsultasi dapat dilakukan secara online, Pak? Terima kasih 🙏"
DSN0106,konsultasi,dosen,aslm bu hari ini bisa bimbingan,"Assalaamu'alaikum Bu, mohon izin bertanya, apakah hari ini Ibu memiliki waktu untuk bimbingan, Bu? Terima kasih 🙏"
DSN0107,konsultasi,dosen,pa besok boleh ketemu sebentar,"Pak, mohon izin, apakah besok saya dapat bertemu sebentar untuk konsultasi, Pak? Terima kasih 🙏"
DSN0108,konsultasi,dosen,bu saya mau minta arahan,"Bu, mohon izin, saya ingin meminta arahan terkait tugas atau materi perkuliahan, Bu. Terima kasih 🙏"
DSN0109,konsultasi,dosen,pak boleh saya chat soal proposal,"Pak, mohon izin, apakah saya boleh bertanya melalui chat mengenai proposal saya, Pak? Terima kasih 🙏"
DSN0110,konsultasi,dosen,ass bu saya butuh masukan project,"Assalaamu'alaikum Bu, mohon izin, saya ingin meminta masukan Ibu terkait project yang saya kerjakan, Bu. Terima kasih 🙏"
DSN0111,presentasi,dosen,pa urutan presentasi gimana,"Pak, mohon izin bertanya, bagaimana urutan presentasi untuk pertemuan ini, Pak? Terima kasih 🙏"
DSN0112,presentasi,dosen,bu kelompok saya presentasi kapan,"Bu, mohon izin bertanya, kelompok saya dijadwalkan presentasi kapan ya, Bu? Terima kasih 🙏"
DSN0113,presentasi,dosen,pak presentasi boleh pakai canva ga,"Pak, mohon izin bertanya, apakah presentasi diperbolehkan menggunakan Canva, Pak? Terima kasih 🙏"
DSN0114,presentasi,dosen,bu durasi presentasi berapa menit,"Bu, mohon izin bertanya, durasi presentasi yang ditentukan berapa menit ya, Bu? Terima kasih 🙏"
DSN0115,presentasi,dosen,ass pak kelompok kami siap presentasi,"Assalaamu'alaikum Pak, mohon izin, kelompok kami sudah siap untuk melakukan presentasi, Pak. Terima kasih 🙏"
DSN0116,presentasi,dosen,aslm bu anggota saya tidak hadir,"Assalaamu'alaikum Bu, mohon izin, salah satu anggota kelompok saya tidak dapat hadir pada presentasi hari ini, Bu. Terima kasih 🙏"
DSN0117,presentasi,dosen,pa slide presentasi harus dikumpul ga,"Pak, mohon izin bertanya, apakah slide presentasi perlu dikumpulkan, Pak? Terima kasih 🙏"
DSN0118,presentasi,dosen,bu presentasi individu apa kelompok,"Bu, mohon izin bertanya, presentasi dilakukan secara individu atau kelompok, Bu? Terima kasih 🙏"
DSN0119,presentasi,dosen,pak boleh ganti jadwal presentasi,"Pak, mohon izin, apakah kelompok kami diperbolehkan mengganti jadwal presentasi, Pak? Terima kasih 🙏"
DSN0120,presentasi,dosen,ass bu saya izin telat presentasi,"Assalaamu'alaikum Bu, mohon maaf, saya kemungkinan terlambat mengikuti presentasi hari ini, Bu. Terima kasih 🙏"
DSN0121,ujian,dosen,pa utsnya kapan,"Pak, mohon izin bertanya, UTS mata kuliah ini dilaksanakan kapan ya, Pak? Terima kasih 🙏"
DSN0122,ujian,dosen,bu uasnya online atau offline,"Bu, mohon izin bertanya, UAS dilaksanakan secara online atau offline ya, Bu? Terima kasih 🙏"
DSN0123,ujian,dosen,pak materi uts apa aja,"Pak, mohon izin bertanya, materi apa saja yang perlu dipelajari untuk UTS, Pak? Terima kasih 🙏"
DSN0124,ujian,dosen,bu kisi kisi ada ga,"Bu, mohon izin bertanya, apakah ada kisi-kisi ujian yang dapat dipelajari, Bu? Terima kasih 🙏"
DSN0125,ujian,dosen,ass pak saya izin ujian susulan,"Assalaamu'alaikum Pak, mohon izin, apakah saya dapat mengikuti ujian susulan, Pak? Terima kasih 🙏"
DSN0126,ujian,dosen,aslm bu saya bentrok jadwal ujian,"Assalaamu'alaikum Bu, mohon izin, jadwal ujian saya bentrok dengan kegiatan lain. Apakah ada solusi yang dapat saya ikuti, Bu? Terima kasih 🙏"
DSN0127,ujian,dosen,pa format soal uts gimana,"Pak, mohon izin bertanya, format soal UTS seperti apa ya, Pak? Terima kasih 🙏"
DSN0128,ujian,dosen,bu boleh pakai catatan pas ujian,"Bu, mohon izin bertanya, apakah ujian diperbolehkan menggunakan catatan, Bu? Terima kasih 🙏"
DSN0129,ujian,dosen,pak ujian mulai jam berapa,"Pak, mohon izin bertanya, ujian dimulai pukul berapa ya, Pak? Terima kasih 🙏"
DSN0130,ujian,dosen,ass bu link ujian belum ada,"Assalaamu'alaikum Bu, mohon izin bertanya, apakah tautan ujian sudah dibagikan, Bu? Terima kasih 🙏"
DSN0131,pengumpulan,dosen,pa saya sudah submit tugas,"Pak, mohon izin, saya sudah mengumpulkan tugas melalui media yang ditentukan, Pak. Terima kasih 🙏"
DSN0132,pengumpulan,dosen,bu tugas saya sudah saya kirim,"Bu, mohon izin, tugas saya sudah saya kirimkan, Bu. Terima kasih 🙏"
DSN0133,pengumpulan,dosen,pak file tugas saya bisa dibuka ga,"Pak, mohon izin, apakah file tugas yang saya kirimkan dapat dibuka dengan baik, Pak? Terima kasih 🙏"
DSN0134,pengumpulan,dosen,bu saya salah upload file,"Bu, mohon maaf, saya salah mengunggah file tugas. Apakah saya diperbolehkan mengunggah ulang, Bu? Terima kasih 🙏"
DSN0135,pengumpulan,dosen,ass pak saya sudah upload di classroom,"Assalaamu'alaikum Pak, mohon izin, saya sudah mengunggah tugas di Google Classroom, Pak. Terima kasih 🙏"
DSN0136,pengumpulan,dosen,aslm bu file saya corrupt,"Assalaamu'alaikum Bu, mohon maaf, file tugas yang saya kirimkan mengalami kendala. Apakah saya boleh mengirim ulang, Bu? Terima kasih 🙏"
DSN0137,pengumpulan,dosen,pa boleh kirim tugas lewat wa,"Pak, mohon izin bertanya, apakah tugas boleh dikirim melalui WhatsApp, Pak? Terima kasih 🙏"
DSN0138,pengumpulan,dosen,bu saya belum bisa upload tugas,"Bu, mohon izin, saya mengalami kendala saat mengunggah tugas, Bu. Terima kasih 🙏"
DSN0139,pengumpulan,dosen,pak tugas saya udah masuk belum,"Pak, mohon izin, apakah tugas saya sudah diterima dengan baik, Pak? Terima kasih 🙏"
DSN0140,pengumpulan,dosen,ass bu saya kirim ulang tugas,"Assalaamu'alaikum Bu, mohon izin, saya mengirim ulang tugas karena terdapat perbaikan pada file sebelumnya, Bu. Terima kasih 🙏"
DSN0141,izin_terlambat,dosen,pa saya telat karena hujan,"Pak, mohon maaf, saya kemungkinan terlambat mengikuti kelas karena kendala cuaca, Pak. Terima kasih 🙏"
DSN0142,izin_terlambat,dosen,bu saya telat karena motor mogok,"Bu, mohon maaf, saya kemungkinan terlambat mengikuti kelas karena kendaraan saya mengalami kendala, Bu. Terima kasih 🙏"
DSN0143,izin_terlambat,dosen,pak saya telat join zoom,"Pak, mohon maaf, saya terlambat bergabung ke Zoom, Pak. Terima kasih 🙏"
DSN0144,izin_terlambat,dosen,bu saya baru bisa masuk sekarang,"Bu, mohon maaf, saya baru dapat bergabung ke perkuliahan sekarang, Bu. Terima kasih 🙏"
DSN0145,izin_terlambat,dosen,ass pak saya telat 10 menit,"Assalaamu'alaikum Pak, mohon maaf, saya kemungkinan terlambat sekitar 10 menit, Pak. Terima kasih 🙏"
DSN0146,izin_terlambat,dosen,aslm bu saya terkendala sinyal,"Assalaamu'alaikum Bu, mohon maaf, saya mengalami kendala sinyal sehingga terlambat mengikuti kelas, Bu. Terima kasih 🙏"
DSN0147,izin_terlambat,dosen,pa saya izin masuk telat,"Pak, mohon izin, saya kemungkinan masuk kelas terlambat, Pak. Terima kasih 🙏"
DSN0148,izin_terlambat,dosen,bu saya telat karena ada kegiatan kampus,"Bu, mohon maaf, saya kemungkinan terlambat karena masih mengikuti kegiatan kampus, Bu. Terima kasih 🙏"
DSN0149,izin_terlambat,dosen,pak saya baru sampai kampus,"Pak, mohon maaf, saya baru sampai di kampus dan segera menuju kelas, Pak. Terima kasih 🙏"
DSN0150,izin_terlambat,dosen,ass bu saya lagi di jalan,"Assalaamu'alaikum Bu, mohon maaf, saya masih dalam perjalanan menuju kelas, Bu. Terima kasih 🙏"
DSN0151,data_mahasiswa,dosen,pa nama saya salah di daftar,"Pak, mohon izin, saya ingin mengonfirmasi karena nama saya tertulis kurang tepat pada daftar, Pak. Terima kasih 🙏"
DSN0152,data_mahasiswa,dosen,bu nim saya salah input,"Bu, mohon izin, saya ingin mengonfirmasi karena NIM saya tampaknya salah tercatat, Bu. Terima kasih 🙏"
DSN0153,data_mahasiswa,dosen,pak data kelompok saya salah,"Pak, mohon izin, saya ingin mengonfirmasi data kelompok saya yang tampaknya belum sesuai, Pak. Terima kasih 🙏"
DSN0154,data_mahasiswa,dosen,bu saya belum masuk grup kelas,"Bu, mohon izin, saya belum tergabung dalam grup kelas. Apakah Ibu berkenan membantu menginformasikan tautannya, Bu? Terima kasih 🙏"
DSN0155,data_mahasiswa,dosen,ass pak nama saya belum ada di absen,"Assalaamu'alaikum Pak, mohon izin, nama saya belum tercantum pada daftar absensi, Pak. Terima kasih 🙏"
DSN0156,data_mahasiswa,dosen,aslm bu saya pindah kelas,"Assalaamu'alaikum Bu, mohon izin, saya ingin mengonfirmasi terkait perpindahan kelas saya, Bu. Terima kasih 🙏"
DSN0157,data_mahasiswa,dosen,pa nim saya belum kebaca,"Pak, mohon izin, NIM saya belum terbaca pada sistem, Pak. Terima kasih 🙏"
DSN0158,data_mahasiswa,dosen,bu saya salah isi data tugas,"Bu, mohon maaf, saya salah mengisi data pada tugas yang dikumpulkan, Bu. Terima kasih 🙏"
DSN0159,data_mahasiswa,dosen,pak kelompok saya belum tercatat,"Pak, mohon izin, kelompok saya tampaknya belum tercatat pada daftar, Pak. Terima kasih 🙏"
DSN0160,data_mahasiswa,dosen,ass bu saya mau koreksi nama,"Assalaamu'alaikum Bu, mohon izin, saya ingin mengoreksi penulisan nama saya, Bu. Terima kasih 🙏"
DSN0161,project,dosen,pa project ai saya boleh topik ini ga,"Pak, mohon izin bertanya, apakah topik project AI yang saya ajukan sudah sesuai, Pak? Terima kasih 🙏"
DSN0162,project,dosen,bu judul project saya gimana,"Bu, mohon izin, saya ingin meminta pendapat Ibu mengenai judul project saya, Bu. Terima kasih 🙏"
DSN0163,project,dosen,pak dataset project saya kurang,"Pak, mohon izin, saya ingin berkonsultasi karena dataset project saya masih terbatas, Pak. Terima kasih 🙏"
DSN0164,project,dosen,bu metode project saya cocok ga,"Bu, mohon izin bertanya, apakah metode yang saya gunakan untuk project ini sudah sesuai, Bu? Terima kasih 🙏"
DSN0165,project,dosen,ass pak boleh pakai api gemini,"Assalaamu'alaikum Pak, mohon izin bertanya, apakah project saya diperbolehkan menggunakan API Gemini, Pak? Terima kasih 🙏"
DSN0166,project,dosen,aslm bu project dikumpulkan dalam bentuk apa,"Assalaamu'alaikum Bu, mohon izin bertanya, project dikumpulkan dalam bentuk apa saja ya, Bu? Terima kasih 🙏"
DSN0167,project,dosen,pa artikel project harus berapa halaman,"Pak, mohon izin bertanya, artikel project minimal berapa halaman ya, Pak? Terima kasih 🙏"
DSN0168,project,dosen,bu boleh demo project lewat colab,"Bu, mohon izin bertanya, apakah demo project diperbolehkan menggunakan Google Colab, Bu? Terima kasih 🙏"
DSN0169,project,dosen,pak laporan project formatnya gimana,"Pak, mohon izin bertanya, bagaimana format laporan project yang benar, Pak? Terima kasih 🙏"
DSN0170,project,dosen,ass bu saya mau konsultasi dataset,"Assalaamu'alaikum Bu, mohon izin, saya ingin berkonsultasi mengenai dataset untuk project saya, Bu. Terima kasih 🙏"
DSN0171,bimbingan,dosen,pa bisa bimbingan proposal minggu ini,"Pak, mohon izin bertanya, apakah saya dapat melakukan bimbingan proposal minggu ini, Pak? Terima kasih 🙏"
DSN0172,bimbingan,dosen,bu saya mau submit bab 1,"Bu, mohon izin, saya ingin mengirimkan Bab 1 untuk mendapatkan arahan dari Ibu, Bu. Terima kasih 🙏"
DSN0173,bimbingan,dosen,pak revisi proposal saya sudah selesai,"Pak, mohon izin, revisi proposal saya sudah selesai dan siap untuk diperiksa, Pak. Terima kasih 🙏"
DSN0174,bimbingan,dosen,bu jadwal bimbingan ibu kapan,"Bu, mohon izin bertanya, jadwal bimbingan Ibu tersedia pada hari apa saja, Bu? Terima kasih 🙏"
DSN0175,bimbingan,dosen,ass pak boleh kirim file proposal,"Assalaamu'alaikum Pak, mohon izin, apakah saya boleh mengirimkan file proposal untuk Bapak periksa, Pak? Terima kasih 🙏"
DSN0176,bimbingan,dosen,aslm bu saya mau tanya judul skripsi,"Assalaamu'alaikum Bu, mohon izin, saya ingin berkonsultasi mengenai judul skripsi saya, Bu. Terima kasih 🙏"
DSN0177,bimbingan,dosen,pa saya minta tanda tangan lembar bimbingan,"Pak, mohon izin, apakah saya dapat meminta tanda tangan Bapak pada lembar bimbingan, Pak? Terima kasih 🙏"
DSN0178,bimbingan,dosen,bu besok bisa ketemu sebentar,"Bu, mohon izin bertanya, apakah besok Ibu memiliki waktu untuk bertemu sebentar, Bu? Terima kasih 🙏"
DSN0179,bimbingan,dosen,pak saya bingung rumusan masalah,"Pak, mohon izin, saya ingin meminta arahan terkait rumusan masalah penelitian saya, Pak. Terima kasih 🙏"
DSN0180,bimbingan,dosen,ass bu saya sudah kirim revisi di email,"Assalaamu'alaikum Bu, mohon izin, saya sudah mengirimkan revisi melalui email, Bu. Terima kasih 🙏"
DSN0181,etika_umum,dosen,pa maaf saya baru balas,"Pak, mohon maaf karena saya baru dapat membalas pesan Bapak, Pak. Terima kasih 🙏"
DSN0182,etika_umum,dosen,bu maaf mengganggu waktunya,"Bu, mohon maaf apabila mengganggu waktu Ibu, Bu. Terima kasih 🙏"
DSN0183,etika_umum,dosen,pak terima kasih banyak,"Pak, terima kasih banyak atas bantuan dan arahan Bapak, Pak. Terima kasih 🙏"
DSN0184,etika_umum,dosen,bu makasih atas jawabannya,"Bu, terima kasih banyak atas jawaban dan arahan Ibu, Bu. Terima kasih 🙏"
DSN0185,etika_umum,dosen,ass pak maaf saya izin bertanya,"Assalaamu'alaikum Pak, mohon maaf apabila mengganggu waktu Bapak, saya izin bertanya, Pak. Terima kasih 🙏"
DSN0186,etika_umum,dosen,aslm bu saya izin bertanya sebentar,"Assalaamu'alaikum Bu, mohon izin, saya ingin bertanya sebentar kepada Ibu, Bu. Terima kasih 🙏"
DSN0187,etika_umum,dosen,pa maaf chat malam,"Pak, mohon maaf apabila menghubungi Bapak di luar waktu yang kurang tepat, Pak. Terima kasih 🙏"
DSN0188,etika_umum,dosen,bu maaf saya baru lihat info,"Bu, mohon maaf, saya baru melihat informasi yang Ibu sampaikan, Bu. Terima kasih 🙏"
DSN0189,etika_umum,dosen,pak baik terima kasih,"Pak, baik, terima kasih banyak atas informasinya, Pak. Terima kasih 🙏"
DSN0190,etika_umum,dosen,ass bu terima kasih bu,"Assalaamu'alaikum Bu, terima kasih banyak atas bantuan dan arahan Ibu, Bu. Terima kasih 🙏"
DSN0191,surat,dosen,pa boleh minta surat rekomendasi,"Pak, mohon izin, apakah saya dapat meminta surat rekomendasi dari Bapak, Pak? Terima kasih 🙏"
DSN0192,surat,dosen,bu saya butuh tanda tangan surat,"Bu, mohon izin, apakah Ibu berkenan menandatangani surat yang saya perlukan, Bu? Terima kasih 🙏"
DSN0193,surat,dosen,pak boleh minta acc kegiatan,"Pak, mohon izin, apakah Bapak berkenan memberikan persetujuan untuk kegiatan tersebut, Pak? Terima kasih 🙏"
DSN0194,surat,dosen,bu saya mau minta validasi laporan,"Bu, mohon izin, apakah Ibu berkenan memvalidasi laporan yang saya susun, Bu? Terima kasih 🙏"
DSN0195,surat,dosen,ass pak saya perlu paraf bapak,"Assalaamu'alaikum Pak, mohon izin, apakah Bapak berkenan memberikan paraf pada dokumen saya, Pak? Terima kasih 🙏"
DSN0196,surat,dosen,aslm bu saya mau minta surat izin,"Assalaamu'alaikum Bu, mohon izin, apakah saya dapat meminta surat izin terkait keperluan tersebut, Bu? Terima kasih 🙏"
DSN0197,surat,dosen,pa bisa tanda tangan hari ini,"Pak, mohon izin bertanya, apakah Bapak berkenan menandatangani dokumen saya hari ini, Pak? Terima kasih 🙏"
DSN0198,surat,dosen,bu saya titip dokumen boleh,"Bu, mohon izin, apakah saya boleh menitipkan dokumen untuk Ibu periksa, Bu? Terima kasih 🙏"
DSN0199,surat,dosen,pak suratnya saya kirim via email ya,"Pak, mohon izin, dokumen tersebut saya kirimkan melalui email, Pak. Terima kasih 🙏"
DSN0200,surat,dosen,ass bu boleh minta rekomendasi magang,"Assalaamu'alaikum Bu, mohon izin, apakah saya dapat meminta rekomendasi Ibu untuk keperluan magang, Bu? Terima kasih 🙏"
DSN0201,magang,dosen,pa boleh konsultasi magang,"Pak, mohon izin, saya ingin berkonsultasi mengenai rencana magang saya, Pak. Terima kasih 🙏"
DSN0202,magang,dosen,bu tempat magang saya boleh disini ga,"Bu, mohon izin bertanya, apakah tempat magang yang saya pilih sudah sesuai, Bu? Terima kasih 🙏"
DSN0203,magang,dosen,pak laporan magang formatnya apa,"Pak, mohon izin bertanya, bagaimana format laporan magang yang benar, Pak? Terima kasih 🙏"
DSN0204,magang,dosen,bu minta arahan buat cv boleh,"Bu, mohon izin, apakah Ibu berkenan memberikan arahan terkait CV saya, Bu? Terima kasih 🙏"
DSN0205,magang,dosen,ass pak saya mau minta rekomendasi tempat magang,"Assalaamu'alaikum Pak, mohon izin, apakah Bapak berkenan memberikan rekomendasi tempat magang, Pak? Terima kasih 🙏"
DSN0206,magang,dosen,aslm bu saya keterima magang,"Assalaamu'alaikum Bu, mohon izin, saya ingin menginformasikan bahwa saya telah diterima magang, Bu. Terima kasih 🙏"
DSN0207,magang,dosen,pa dosen pembimbing magang siapa,"Pak, mohon izin bertanya, siapa dosen pembimbing magang untuk saya, Pak? Terima kasih 🙏"
DSN0208,magang,dosen,bu jadwal seminar magang kapan,"Bu, mohon izin bertanya, jadwal seminar magang dilaksanakan kapan ya, Bu? Terima kasih 🙏"
DSN0209,magang,dosen,pak boleh minta feedback cv,"Pak, mohon izin, apakah Bapak berkenan memberikan masukan terhadap CV saya, Pak? Terima kasih 🙏"
DSN0210,magang,dosen,ass bu saya mau konsultasi karier,"Assalaamu'alaikum Bu, mohon izin, saya ingin berkonsultasi mengenai rencana karier saya, Bu. Terima kasih 🙏"
DSN0211,kelas_pengganti,dosen,pa kelas pengganti kapan,"Pak, mohon izin bertanya, kelas pengganti akan dilaksanakan kapan ya, Pak? Terima kasih 🙏"
DSN0212,kelas_pengganti,dosen,bu minggu ini ada pengganti ga,"Bu, mohon izin bertanya, apakah minggu ini ada kelas pengganti, Bu? Terima kasih 🙏"
DSN0213,kelas_pengganti,dosen,pak kelas kosong diganti kapan,"Pak, mohon izin bertanya, perkuliahan yang sebelumnya kosong akan diganti kapan ya, Pak? Terima kasih 🙏"
DSN0214,kelas_pengganti,dosen,bu kelas pengganti online atau offline,"Bu, mohon izin bertanya, kelas pengganti dilaksanakan secara online atau offline, Bu? Terima kasih 🙏"
DSN0215,kelas_pengganti,dosen,ass pak jadwal pengganti bentrok,"Assalaamu'alaikum Pak, mohon izin, jadwal kelas pengganti tersebut bentrok dengan jadwal saya yang lain, Pak. Terima kasih 🙏"
DSN0216,kelas_pengganti,dosen,aslm bu bisa pindah jadwal pengganti,"Assalaamu'alaikum Bu, mohon izin bertanya, apakah jadwal kelas pengganti dapat disesuaikan kembali, Bu? Terima kasih 🙏"
DSN0217,kelas_pengganti,dosen,pa pengganti besok jadi ga,"Pak, mohon izin bertanya, apakah kelas pengganti besok tetap dilaksanakan, Pak? Terima kasih 🙏"
DSN0218,kelas_pengganti,dosen,bu kelas pengganti ruangan mana,"Bu, mohon izin bertanya, kelas pengganti dilaksanakan di ruangan mana ya, Bu? Terima kasih 🙏"
DSN0219,kelas_pengganti,dosen,pak pengganti mulai jam brp,"Pak, mohon izin bertanya, kelas pengganti dimulai pukul berapa ya, Pak? Terima kasih 🙏"
DSN0220,kelas_pengganti,dosen,ass bu info kelas pengganti dimana,"Assalaamu'alaikum Bu, mohon izin bertanya, informasi kelas pengganti dapat saya lihat di mana ya, Bu? Terima kasih 🙏"
DSN0221,dosen_wali,dosen,pa saya mau konsultasi krs,"Pak, mohon izin, saya ingin berkonsultasi mengenai pengisian KRS, Pak. Terima kasih 🙏"
DSN0222,dosen_wali,dosen,bu krs saya belum disetujui,"Bu, mohon izin, saya ingin mengonfirmasi karena KRS saya belum disetujui, Bu. Terima kasih 🙏"
DSN0223,dosen_wali,dosen,pak boleh acc krs saya,"Pak, mohon izin, apakah Bapak berkenan menyetujui KRS saya, Pak? Terima kasih 🙏"
DSN0224,dosen_wali,dosen,bu saya mau tambah matkul,"Bu, mohon izin, saya ingin berkonsultasi mengenai penambahan mata kuliah, Bu. Terima kasih 🙏"
DSN0225,dosen_wali,dosen,ass pak saya mau drop matkul,"Assalaamu'alaikum Pak, mohon izin, saya ingin berkonsultasi terkait rencana menghapus mata kuliah, Pak. Terima kasih 🙏"
DSN0226,dosen_wali,dosen,aslm bu saya bingung ambil sks,"Assalaamu'alaikum Bu, mohon izin, saya ingin meminta arahan terkait jumlah SKS yang sebaiknya saya ambil, Bu. Terima kasih 🙏"
DSN0227,dosen_wali,dosen,pa ip saya turun harus gimana,"Pak, mohon izin, saya ingin meminta arahan karena IP saya mengalami penurunan, Pak. Terima kasih 🙏"
DSN0228,dosen_wali,dosen,bu saya mau cuti kuliah,"Bu, mohon izin, saya ingin berkonsultasi mengenai rencana cuti kuliah, Bu. Terima kasih 🙏"
DSN0229,dosen_wali,dosen,pak saya mau pindah kelas,"Pak, mohon izin, saya ingin berkonsultasi mengenai kemungkinan pindah kelas, Pak. Terima kasih 🙏"
DSN0230,dosen_wali,dosen,ass bu saya butuh arahan akademik,"Assalaamu'alaikum Bu, mohon izin, saya ingin meminta arahan Ibu terkait akademik saya, Bu. Terima kasih 🙏"
DSN0231,jadwal_ketemu,dosen,pa bapak ada di kampus hari ini,"Pak, mohon izin bertanya, apakah Bapak berada di kampus hari ini, Pak? Terima kasih 🙏"
DSN0232,jadwal_ketemu,dosen,bu ibu ada waktu setelah kelas,"Bu, mohon izin bertanya, apakah Ibu memiliki waktu setelah kelas untuk saya temui, Bu? Terima kasih 🙏"
DSN0233,jadwal_ketemu,dosen,pak saya bisa ketemu kapan,"Pak, mohon izin bertanya, kapan saya dapat bertemu dengan Bapak, Pak? Terima kasih 🙏"
DSN0234,jadwal_ketemu,dosen,bu boleh saya temui di ruangan,"Bu, mohon izin, apakah saya boleh menemui Ibu di ruangan, Bu? Terima kasih 🙏"
DSN0235,jadwal_ketemu,dosen,ass pak saya sudah di depan ruangan,"Assalaamu'alaikum Pak, mohon izin, saya sudah berada di depan ruangan Bapak, Pak. Terima kasih 🙏"
DSN0236,jadwal_ketemu,dosen,aslm bu saya tunggu di kampus,"Assalaamu'alaikum Bu, mohon izin, saya sudah berada di kampus dan menunggu arahan Ibu, Bu. Terima kasih 🙏"
DSN0237,jadwal_ketemu,dosen,pa jam berapa bapak kosong,"Pak, mohon izin bertanya, pukul berapa Bapak memiliki waktu luang untuk saya temui, Pak? Terima kasih 🙏"
DSN0238,jadwal_ketemu,dosen,bu besok ibu ke kampus ga,"Bu, mohon izin bertanya, apakah besok Ibu berada di kampus, Bu? Terima kasih 🙏"
DSN0239,jadwal_ketemu,dosen,pak boleh ketemu 5 menit,"Pak, mohon izin, apakah saya dapat bertemu Bapak sebentar selama sekitar lima menit, Pak? Terima kasih 🙏"
DSN0240,jadwal_ketemu,dosen,ass bu saya mau ambil tanda tangan,"Assalaamu'alaikum Bu, mohon izin, saya ingin menemui Ibu untuk keperluan tanda tangan, Bu. Terima kasih 🙏"
DSN0241,klarifikasi,dosen,pa maksud pengumumannya gimana,"Pak, mohon izin, saya ingin memastikan kembali maksud dari pengumuman yang Bapak sampaikan, Pak. Terima kasih 🙏"
DSN0242,klarifikasi,dosen,bu info tugasnya yang benar apa,"Bu, mohon izin bertanya, informasi tugas yang benar seperti apa ya, Bu? Terima kasih 🙏"
DSN0243,klarifikasi,dosen,pak saya kurang paham instruksi,"Pak, mohon izin, saya masih kurang memahami instruksi yang diberikan, Pak. Terima kasih 🙏"
DSN0244,klarifikasi,dosen,bu jadi yang dipakai file yang mana,"Bu, mohon izin bertanya, file mana yang sebaiknya digunakan sebagai acuan, Bu? Terima kasih 🙏"
DSN0245,klarifikasi,dosen,ass pak apakah info ini benar,"Assalaamu'alaikum Pak, mohon izin bertanya, apakah informasi ini benar, Pak? Terima kasih 🙏"
DSN0246,klarifikasi,dosen,aslm bu saya mau memastikan,"Assalaamu'alaikum Bu, mohon izin, saya ingin memastikan kembali informasi yang Ibu sampaikan, Bu. Terima kasih 🙏"
DSN0247,klarifikasi,dosen,pa tugasnya revisi semua atau sebagian,"Pak, mohon izin bertanya, apakah tugas perlu direvisi seluruhnya atau hanya bagian tertentu, Pak? Terima kasih 🙏"
DSN0248,klarifikasi,dosen,bu jadwal yang benar yang mana,"Bu, mohon izin bertanya, jadwal yang benar mengikuti informasi yang mana ya, Bu? Terima kasih 🙏"
DSN0249,klarifikasi,dosen,pak saya takut salah paham,"Pak, mohon izin, saya ingin memastikan agar tidak terjadi kesalahpahaman, Pak. Terima kasih 🙏"
DSN0250,klarifikasi,dosen,ass bu boleh dijelaskan ulang,"Assalaamu'alaikum Bu, mohon izin, apakah Ibu berkenan menjelaskan kembali bagian tersebut, Bu? Terima kasih 🙏"
DSN0251,admin_dosen,dosen,pa saya mau tanya soal syarat ujian,"Pak, mohon izin bertanya, syarat untuk mengikuti ujian mata kuliah ini apa saja ya, Pak? Terima kasih 🙏"
DSN0252,admin_dosen,dosen,bu saya belum masuk daftar ujian,"Bu, mohon izin, saya ingin mengonfirmasi karena nama saya belum tercantum pada daftar peserta ujian, Bu. Terima kasih 🙏"
DSN0253,admin_dosen,dosen,pak kartu ujian harus dibawa ga,"Pak, mohon izin bertanya, apakah kartu ujian perlu dibawa saat ujian, Pak? Terima kasih 🙏"
DSN0254,admin_dosen,dosen,bu tanda tangan kartu ujian kapan,"Bu, mohon izin bertanya, kapan saya dapat meminta tanda tangan Ibu pada kartu ujian, Bu? Terima kasih 🙏"
DSN0255,admin_dosen,dosen,ass pak saya ada kendala administrasi,"Assalaamu'alaikum Pak, mohon izin, saya ingin berkonsultasi karena terdapat kendala administrasi, Pak. Terima kasih 🙏"
DSN0256,admin_dosen,dosen,aslm bu saya belum bisa akses siakad,"Assalaamu'alaikum Bu, mohon izin, saya mengalami kendala saat mengakses SIAKAD, Bu. Terima kasih 🙏"
DSN0257,admin_dosen,dosen,pa nama saya belum muncul di kelas,"Pak, mohon izin, nama saya belum muncul pada daftar kelas, Pak. Terima kasih 🙏"
DSN0258,admin_dosen,dosen,bu saya mau konfirmasi matkul,"Bu, mohon izin, saya ingin mengonfirmasi mata kuliah yang saya ambil, Bu. Terima kasih 🙏"
DSN0259,admin_dosen,dosen,pak presensi saya bermasalah,"Pak, mohon izin, saya ingin mengonfirmasi kendala pada presensi saya, Pak. Terima kasih 🙏"
DSN0260,admin_dosen,dosen,ass bu saya bingung syarat tugas akhir,"Assalaamu'alaikum Bu, mohon izin, saya ingin bertanya mengenai syarat tugas akhir, Bu. Terima kasih 🙏"
DSN0261,jadwal_kelas,dosen,pak apakah perkuliahan besok tetap ada,"Pak, mohon izin bertanya, apakah perkuliahan besok tetap dilaksanakan, Pak? Terima kasih 🙏"
DSN0262,jadwal_kelas,dosen,bu apakah kelas hari ini ditiadakan,"Bu, mohon izin bertanya, apakah perkuliahan hari ini ditiadakan atau tetap berjalan, Bu? Terima kasih 🙏"
DSN0263,ruang_kelas,dosen,pak ruang kelas hari ini dimana,"Pak, mohon izin bertanya, ruang kelas untuk perkuliahan hari ini di mana ya, Pak? Terima kasih 🙏"
DSN0264,ruang_kelas,dosen,ibu kelasnya di gedung apa,"Bu, mohon izin bertanya, perkuliahan ini dilaksanakan di gedung apa ya, Bu? Terima kasih 🙏"
DSN0265,materi,dosen,pak boleh minta materi pertemuan kemarin,"Pak, mohon izin bertanya, apakah saya dapat memperoleh materi pertemuan kemarin, Pak? Terima kasih 🙏"
DSN0266,materi,dosen,bu materi di classroom belum muncul,"Bu, mohon izin, materi di Google Classroom belum muncul di akun saya, Bu. Terima kasih 🙏"
DSN0267,tugas,dosen,pak tugasnya harus pakai cover ga,"Pak, mohon izin bertanya, apakah tugas perlu menggunakan cover, Pak? Terima kasih 🙏"
DSN0268,tugas,dosen,bu tugasnya minimal berapa halaman,"Bu, mohon izin bertanya, tugas ini minimal berapa halaman ya, Bu? Terima kasih 🙏"
DSN0269,deadline,dosen,pak batas submit tugas jam berapa,"Pak, mohon izin bertanya, batas submit tugas paling lambat pukul berapa ya, Pak? Terima kasih 🙏"
DSN0270,deadline,dosen,bu apakah deadline bisa diperpanjang,"Bu, mohon izin bertanya, apakah batas pengumpulan tugas dapat diperpanjang, Bu? Terima kasih 🙏"
DSN0271,izin_absen,dosen,pak saya izin tidak bisa ikut kelas karena ada acara keluarga,"Pak, mohon izin, saya tidak dapat mengikuti perkuliahan karena ada acara keluarga, Pak. Terima kasih 🙏"
DSN0272,izin_absen,dosen,bu saya izin tidak hadir karena kurang sehat,"Bu, mohon izin, saya tidak dapat hadir karena kondisi saya sedang kurang sehat, Bu. Terima kasih 🙏"
DSN0273,absensi,dosen,pak saya sudah isi absen tapi belum tercatat,"Pak, mohon izin, saya sudah mengisi absensi tetapi tampaknya belum tercatat, Pak. Terima kasih 🙏"
DSN0274,absensi,dosen,bu absensi saya masih kosong,"Bu, mohon izin, saya ingin mengonfirmasi karena absensi saya masih kosong, Bu. Terima kasih 🙏"
DSN0275,link_online,dosen,pak boleh kirim ulang link zoom,"Pak, mohon izin, apakah Bapak berkenan mengirim ulang tautan Zoom, Pak? Terima kasih 🙏"
DSN0276,link_online,dosen,bu link google meet nya bisa dikirim lagi,"Bu, mohon izin, apakah Ibu berkenan mengirim kembali tautan Google Meet, Bu? Terima kasih 🙏"
DSN0277,nilai,dosen,pak apakah nilai sudah final,"Pak, mohon izin bertanya, apakah nilai yang tercantum sudah final, Pak? Terima kasih 🙏"
DSN0278,nilai,dosen,bu saya ingin menanyakan nilai akhir,"Bu, mohon izin, saya ingin menanyakan nilai akhir mata kuliah ini, Bu. Terima kasih 🙏"
DSN0279,revisi,dosen,pak saya sudah perbaiki sesuai arahan,"Pak, mohon izin, saya sudah memperbaiki tugas sesuai arahan Bapak. Terima kasih 🙏"
DSN0280,revisi,dosen,bu apakah revisi dikirim ke email,"Bu, mohon izin bertanya, apakah revisi dikirimkan melalui email, Bu? Terima kasih 🙏"
DSN0281,konsultasi,dosen,pak apakah bisa konsultasi setelah kelas,"Pak, mohon izin bertanya, apakah saya dapat berkonsultasi setelah kelas, Pak? Terima kasih 🙏"
DSN0282,konsultasi,dosen,bu saya ingin meminta waktu konsultasi,"Bu, mohon izin, saya ingin meminta waktu untuk konsultasi dengan Ibu, Bu. Terima kasih 🙏"
DSN0283,presentasi,dosen,pak kelompok saya bisa presentasi minggu depan,"Pak, mohon izin bertanya, apakah kelompok saya dapat melakukan presentasi minggu depan, Pak? Terima kasih 🙏"
DSN0284,presentasi,dosen,bu apakah presentasi harus semua anggota hadir,"Bu, mohon izin bertanya, apakah semua anggota kelompok wajib hadir saat presentasi, Bu? Terima kasih 🙏"
DSN0285,ujian,dosen,pak apakah ujian menggunakan google form,"Pak, mohon izin bertanya, apakah ujian menggunakan Google Form, Pak? Terima kasih 🙏"
DSN0286,ujian,dosen,bu apakah ada ujian susulan,"Bu, mohon izin bertanya, apakah tersedia ujian susulan, Bu? Terima kasih 🙏"
DSN0287,pengumpulan,dosen,pak saya ingin memastikan tugas saya sudah terkirim,"Pak, mohon izin, saya ingin memastikan apakah tugas saya sudah terkirim dengan baik, Pak. Terima kasih 🙏"
DSN0288,pengumpulan,dosen,bu saya sudah mengirim tugas lewat email,"Bu, mohon izin, saya sudah mengirimkan tugas melalui email, Bu. Terima kasih 🙏"
DSN0289,izin_terlambat,dosen,pak mohon maaf saya terlambat karena kendala transportasi,"Pak, mohon maaf, saya terlambat mengikuti kelas karena kendala transportasi, Pak. Terima kasih 🙏"
DSN0290,izin_terlambat,dosen,bu saya terlambat karena jaringan internet bermasalah,"Bu, mohon maaf, saya terlambat bergabung karena jaringan internet bermasalah, Bu. Terima kasih 🙏"
DSN0291,data_mahasiswa,dosen,pak nama saya belum ada di kelompok,"Pak, mohon izin, nama saya belum tercantum dalam daftar kelompok, Pak. Terima kasih 🙏"
DSN0292,data_mahasiswa,dosen,bu data saya belum sesuai,"Bu, mohon izin, saya ingin mengonfirmasi karena data saya belum sesuai, Bu. Terima kasih 🙏"
DSN0293,project,dosen,pak apakah project saya boleh memakai dataset sendiri,"Pak, mohon izin bertanya, apakah project saya diperbolehkan menggunakan dataset sendiri, Pak? Terima kasih 🙏"
DSN0294,project,dosen,bu apakah hasil project perlu dibuat artikel,"Bu, mohon izin bertanya, apakah hasil project perlu dibuat dalam bentuk artikel, Bu? Terima kasih 🙏"
DSN0295,bimbingan,dosen,pak apakah saya boleh mengirim revisi malam ini,"Pak, mohon izin bertanya, apakah saya boleh mengirimkan revisi malam ini, Pak? Terima kasih 🙏"
DSN0296,bimbingan,dosen,bu saya ingin meminta arahan untuk bab 2,"Bu, mohon izin, saya ingin meminta arahan Ibu terkait Bab 2, Bu. Terima kasih 🙏"
DSN0297,etika_umum,dosen,pak mohon maaf sebelumnya saya ingin bertanya,"Pak, mohon maaf sebelumnya, saya ingin bertanya kepada Bapak, Pak. Terima kasih 🙏"
DSN0298,etika_umum,dosen,bu terima kasih atas informasinya,"Bu, terima kasih banyak atas informasi yang Ibu berikan, Bu. Terima kasih 🙏"
DSN0299,surat,dosen,pak apakah bisa meminta tanda tangan besok,"Pak, mohon izin bertanya, apakah saya dapat meminta tanda tangan Bapak besok, Pak? Terima kasih 🙏"
DSN0300,surat,dosen,bu dokumen saya sudah saya siapkan,"Bu, mohon izin, dokumen yang diperlukan sudah saya siapkan, Bu. Terima kasih 🙏"
DSN0301,magang,dosen,pak apakah topik magang saya sudah sesuai,"Pak, mohon izin bertanya, apakah topik magang saya sudah sesuai, Pak? Terima kasih 🙏"
DSN0302,magang,dosen,bu boleh minta arahan laporan magang,"Bu, mohon izin, saya ingin meminta arahan Ibu terkait laporan magang, Bu. Terima kasih 🙏"
DSN0303,kelas_pengganti,dosen,pak apakah kelas pengganti wajib hadir,"Pak, mohon izin bertanya, apakah kelas pengganti wajib dihadiri, Pak? Terima kasih 🙏"
DSN0304,kelas_pengganti,dosen,bu kelas pengganti apakah direkam,"Bu, mohon izin bertanya, apakah kelas pengganti akan direkam, Bu? Terima kasih 🙏"
DSN0305,dosen_wali,dosen,pak boleh konsultasi pengambilan mata kuliah,"Pak, mohon izin, saya ingin berkonsultasi mengenai pengambilan mata kuliah, Pak. Terima kasih 🙏"
DSN0306,dosen_wali,dosen,bu saya perlu arahan untuk semester ini,"Bu, mohon izin, saya ingin meminta arahan Ibu untuk rencana akademik semester ini, Bu. Terima kasih 🙏"
DSN0307,jadwal_ketemu,dosen,pak apakah saya bisa menemui bapak siang ini,"Pak, mohon izin bertanya, apakah saya dapat menemui Bapak siang ini, Pak? Terima kasih 🙏"
DSN0308,jadwal_ketemu,dosen,bu apakah ibu ada di ruangan sekarang,"Bu, mohon izin bertanya, apakah Ibu berada di ruangan saat ini, Bu? Terima kasih 🙏"
DSN0309,klarifikasi,dosen,pak saya ingin memastikan instruksi tugas,"Pak, mohon izin, saya ingin memastikan kembali instruksi tugas yang Bapak berikan, Pak. Terima kasih 🙏"
DSN0310,klarifikasi,dosen,bu apakah yang dikumpulkan hanya file pdf,"Bu, mohon izin bertanya, apakah yang dikumpulkan hanya file PDF, Bu? Terima kasih 🙏"
DSN0311,jadwal_kelas,dosen,ass pak apakah perkuliahan besok tetap ada,"Assalaamu'alaikum Pak, mohon izin bertanya, apakah perkuliahan besok tetap dilaksanakan, Pak? Terima kasih 🙏"
DSN0312,jadwal_kelas,dosen,ass bu apakah kelas hari ini ditiadakan,"Assalaamu'alaikum Bu, mohon izin bertanya, apakah perkuliahan hari ini ditiadakan atau tetap berjalan, Bu? Terima kasih 🙏"
DSN0313,ruang_kelas,dosen,ass pak ruang kelas hari ini dimana,"Assalaamu'alaikum Pak, mohon izin bertanya, ruang kelas untuk perkuliahan hari ini di mana ya, Pak? Terima kasih 🙏"
DSN0314,ruang_kelas,dosen,ass ibu kelasnya di gedung apa,"Assalaamu'alaikum Bu, mohon izin bertanya, perkuliahan ini dilaksanakan di gedung apa ya, Bu? Terima kasih 🙏"
DSN0315,materi,dosen,ass pak boleh minta materi pertemuan kemarin,"Assalaamu'alaikum Pak, mohon izin bertanya, apakah saya dapat memperoleh materi pertemuan kemarin, Pak? Terima kasih 🙏"
DSN0316,materi,dosen,ass bu materi di classroom belum muncul,"Assalaamu'alaikum Bu, mohon izin, materi di Google Classroom belum muncul di akun saya, Bu. Terima kasih 🙏"
DSN0317,tugas,dosen,ass pak tugasnya harus pakai cover ga,"Assalaamu'alaikum Pak, mohon izin bertanya, apakah tugas perlu menggunakan cover, Pak? Terima kasih 🙏"
DSN0318,tugas,dosen,ass bu tugasnya minimal berapa halaman,"Assalaamu'alaikum Bu, mohon izin bertanya, tugas ini minimal berapa halaman ya, Bu? Terima kasih 🙏"
DSN0319,deadline,dosen,ass pak batas submit tugas jam berapa,"Assalaamu'alaikum Pak, mohon izin bertanya, batas submit tugas paling lambat pukul berapa ya, Pak? Terima kasih 🙏"
DSN0320,deadline,dosen,ass bu apakah deadline bisa diperpanjang,"Assalaamu'alaikum Bu, mohon izin bertanya, apakah batas pengumpulan tugas dapat diperpanjang, Bu? Terima kasih 🙏"
DSN0321,izin_absen,dosen,ass pak saya izin tidak bisa ikut kelas karena ada acara keluarga,"Assalaamu'alaikum Pak, mohon izin, saya tidak dapat mengikuti perkuliahan karena ada acara keluarga, Pak. Terima kasih 🙏"
DSN0322,izin_absen,dosen,ass bu saya izin tidak hadir karena kurang sehat,"Assalaamu'alaikum Bu, mohon izin, saya tidak dapat hadir karena kondisi saya sedang kurang sehat, Bu. Terima kasih 🙏"
DSN0323,absensi,dosen,ass pak saya sudah isi absen tapi belum tercatat,"Assalaamu'alaikum Pak, mohon izin, saya sudah mengisi absensi tetapi tampaknya belum tercatat, Pak. Terima kasih 🙏"
DSN0324,absensi,dosen,ass bu absensi saya masih kosong,"Assalaamu'alaikum Bu, mohon izin, saya ingin mengonfirmasi karena absensi saya masih kosong, Bu. Terima kasih 🙏"
DSN0325,link_online,dosen,ass pak boleh kirim ulang link zoom,"Assalaamu'alaikum Pak, mohon izin, apakah Bapak berkenan mengirim ulang tautan Zoom, Pak? Terima kasih 🙏"
DSN0326,link_online,dosen,ass bu link google meet nya bisa dikirim lagi,"Assalaamu'alaikum Bu, mohon izin, apakah Ibu berkenan mengirim kembali tautan Google Meet, Bu? Terima kasih 🙏"
DSN0327,nilai,dosen,ass pak apakah nilai sudah final,"Assalaamu'alaikum Pak, mohon izin bertanya, apakah nilai yang tercantum sudah final, Pak? Terima kasih 🙏"
DSN0328,nilai,dosen,ass bu saya ingin menanyakan nilai akhir,"Assalaamu'alaikum Bu, mohon izin, saya ingin menanyakan nilai akhir mata kuliah ini, Bu. Terima kasih 🙏"
DSN0329,revisi,dosen,ass pak saya sudah perbaiki sesuai arahan,"Assalaamu'alaikum Pak, mohon izin, saya sudah memperbaiki tugas sesuai arahan Bapak. Terima kasih 🙏"
DSN0330,revisi,dosen,ass bu apakah revisi dikirim ke email,"Assalaamu'alaikum Bu, mohon izin bertanya, apakah revisi dikirimkan melalui email, Bu? Terima kasih 🙏"
DSN0331,konsultasi,dosen,ass pak apakah bisa konsultasi setelah kelas,"Assalaamu'alaikum Pak, mohon izin bertanya, apakah saya dapat berkonsultasi setelah kelas, Pak? Terima kasih 🙏"
DSN0332,konsultasi,dosen,ass bu saya ingin meminta waktu konsultasi,"Assalaamu'alaikum Bu, mohon izin, saya ingin meminta waktu untuk konsultasi dengan Ibu, Bu. Terima kasih 🙏"
DSN0333,presentasi,dosen,ass pak kelompok saya bisa presentasi minggu depan,"Assalaamu'alaikum Pak, mohon izin bertanya, apakah kelompok saya dapat melakukan presentasi minggu depan, Pak? Terima kasih 🙏"
DSN0334,presentasi,dosen,ass bu apakah presentasi harus semua anggota hadir,"Assalaamu'alaikum Bu, mohon izin bertanya, apakah semua anggota kelompok wajib hadir saat presentasi, Bu? Terima kasih 🙏"
DSN0335,ujian,dosen,ass pak apakah ujian menggunakan google form,"Assalaamu'alaikum Pak, mohon izin bertanya, apakah ujian menggunakan Google Form, Pak? Terima kasih 🙏"
DSN0336,ujian,dosen,ass bu apakah ada ujian susulan,"Assalaamu'alaikum Bu, mohon izin bertanya, apakah tersedia ujian susulan, Bu? Terima kasih 🙏"
DSN0337,pengumpulan,dosen,ass pak saya ingin memastikan tugas saya sudah terkirim,"Assalaamu'alaikum Pak, mohon izin, saya ingin memastikan apakah tugas saya sudah terkirim dengan baik, Pak. Terima kasih 🙏"
DSN0338,pengumpulan,dosen,ass bu saya sudah mengirim tugas lewat email,"Assalaamu'alaikum Bu, mohon izin, saya sudah mengirimkan tugas melalui email, Bu. Terima kasih 🙏"
DSN0339,izin_terlambat,dosen,ass pak mohon maaf saya terlambat karena kendala transportasi,"Assalaamu'alaikum Pak, mohon maaf, saya terlambat mengikuti kelas karena kendala transportasi, Pak. Terima kasih 🙏"
DSN0340,izin_terlambat,dosen,ass bu saya terlambat karena jaringan internet bermasalah,"Assalaamu'alaikum Bu, mohon maaf, saya terlambat bergabung karena jaringan internet bermasalah, Bu. Terima kasih 🙏"
DSN0341,data_mahasiswa,dosen,ass pak nama saya belum ada di kelompok,"Assalaamu'alaikum Pak, mohon izin, nama saya belum tercantum dalam daftar kelompok, Pak. Terima kasih 🙏"
DSN0342,data_mahasiswa,dosen,ass bu data saya belum sesuai,"Assalaamu'alaikum Bu, mohon izin, saya ingin mengonfirmasi karena data saya belum sesuai, Bu. Terima kasih 🙏"
DSN0343,project,dosen,ass pak apakah project saya boleh memakai dataset sendiri,"Assalaamu'alaikum Pak, mohon izin bertanya, apakah project saya diperbolehkan menggunakan dataset sendiri, Pak? Terima kasih 🙏"
DSN0344,project,dosen,ass bu apakah hasil project perlu dibuat artikel,"Assalaamu'alaikum Bu, mohon izin bertanya, apakah hasil project perlu dibuat dalam bentuk artikel, Bu? Terima kasih 🙏"
DSN0345,bimbingan,dosen,ass pak apakah saya boleh mengirim revisi malam ini,"Assalaamu'alaikum Pak, mohon izin bertanya, apakah saya boleh mengirimkan revisi malam ini, Pak? Terima kasih 🙏"
DSN0346,bimbingan,dosen,ass bu saya ingin meminta arahan untuk bab 2,"Assalaamu'alaikum Bu, mohon izin, saya ingin meminta arahan Ibu terkait Bab 2, Bu. Terima kasih 🙏"
DSN0347,etika_umum,dosen,ass pak mohon maaf sebelumnya saya ingin bertanya,"Assalaamu'alaikum Pak, mohon maaf sebelumnya, saya ingin bertanya kepada Bapak, Pak. Terima kasih 🙏"
DSN0348,etika_umum,dosen,ass bu terima kasih atas informasinya,"Assalaamu'alaikum Bu, terima kasih banyak atas informasi yang Ibu berikan, Bu. Terima kasih 🙏"
DSN0349,surat,dosen,ass pak apakah bisa meminta tanda tangan besok,"Assalaamu'alaikum Pak, mohon izin bertanya, apakah saya dapat meminta tanda tangan Bapak besok, Pak? Terima kasih 🙏"
DSN0350,surat,dosen,ass bu dokumen saya sudah saya siapkan,"Assalaamu'alaikum Bu, mohon izin, dokumen yang diperlukan sudah saya siapkan, Bu. Terima kasih 🙏"
DSN0351,magang,dosen,ass pak apakah topik magang saya sudah sesuai,"Assalaamu'alaikum Pak, mohon izin bertanya, apakah topik magang saya sudah sesuai, Pak? Terima kasih 🙏"
DSN0352,magang,dosen,ass bu boleh minta arahan laporan magang,"Assalaamu'alaikum Bu, mohon izin, saya ingin meminta arahan Ibu terkait laporan magang, Bu. Terima kasih 🙏"
DSN0353,kelas_pengganti,dosen,ass pak apakah kelas pengganti wajib hadir,"Assalaamu'alaikum Pak, mohon izin bertanya, apakah kelas pengganti wajib dihadiri, Pak? Terima kasih 🙏"
DSN0354,kelas_pengganti,dosen,ass bu kelas pengganti apakah direkam,"Assalaamu'alaikum Bu, mohon izin bertanya, apakah kelas pengganti akan direkam, Bu? Terima kasih 🙏"
DSN0355,dosen_wali,dosen,ass pak boleh konsultasi pengambilan mata kuliah,"Assalaamu'alaikum Pak, mohon izin, saya ingin berkonsultasi mengenai pengambilan mata kuliah, Pak. Terima kasih 🙏"
DSN0356,dosen_wali,dosen,ass bu saya perlu arahan untuk semester ini,"Assalaamu'alaikum Bu, mohon izin, saya ingin meminta arahan Ibu untuk rencana akademik semester ini, Bu. Terima kasih 🙏"
DSN0357,jadwal_ketemu,dosen,ass pak apakah saya bisa menemui bapak siang ini,"Assalaamu'alaikum Pak, mohon izin bertanya, apakah saya dapat menemui Bapak siang ini, Pak? Terima kasih 🙏"
DSN0358,jadwal_ketemu,dosen,ass bu apakah ibu ada di ruangan sekarang,"Assalaamu'alaikum Bu, mohon izin bertanya, apakah Ibu berada di ruangan saat ini, Bu? Terima kasih 🙏"
DSN0359,klarifikasi,dosen,ass pak saya ingin memastikan instruksi tugas,"Assalaamu'alaikum Pak, mohon izin, saya ingin memastikan kembali instruksi tugas yang Bapak berikan, Pak. Terima kasih 🙏"
DSN0360,klarifikasi,dosen,ass bu apakah yang dikumpulkan hanya file pdf,"Assalaamu'alaikum Bu, mohon izin bertanya, apakah yang dikumpulkan hanya file PDF, Bu? Terima kasih 🙏"
DSN0361,izin_absen,dosen,aslm pak saya izin tidak bisa ikut kelas karena ada acara keluarga,"Assalaamu'alaikum Pak, mohon izin, saya tidak dapat mengikuti perkuliahan karena ada acara keluarga, Pak. Terima kasih 🙏"
DSN0362,izin_absen,dosen,aslm bu saya izin tidak hadir karena kurang sehat,"Assalaamu'alaikum Bu, mohon izin, saya tidak dapat hadir karena kondisi saya sedang kurang sehat, Bu. Terima kasih 🙏"
DSN0363,absensi,dosen,aslm pak saya sudah isi absen tapi belum tercatat,"Assalaamu'alaikum Pak, mohon izin, saya sudah mengisi absensi tetapi tampaknya belum tercatat, Pak. Terima kasih 🙏"
DSN0364,absensi,dosen,aslm bu absensi saya masih kosong,"Assalaamu'alaikum Bu, mohon izin, saya ingin mengonfirmasi karena absensi saya masih kosong, Bu. Terima kasih 🙏"
DSN0365,link_online,dosen,aslm pak boleh kirim ulang link zoom,"Assalaamu'alaikum Pak, mohon izin, apakah Bapak berkenan mengirim ulang tautan Zoom, Pak? Terima kasih 🙏"
DSN0366,link_online,dosen,aslm bu link google meet nya bisa dikirim lagi,"Assalaamu'alaikum Bu, mohon izin, apakah Ibu berkenan mengirim kembali tautan Google Meet, Bu? Terima kasih 🙏"
DSN0367,nilai,dosen,aslm pak apakah nilai sudah final,"Assalaamu'alaikum Pak, mohon izin bertanya, apakah nilai yang tercantum sudah final, Pak? Terima kasih 🙏"
DSN0368,nilai,dosen,aslm bu saya ingin menanyakan nilai akhir,"Assalaamu'alaikum Bu, mohon izin, saya ingin menanyakan nilai akhir mata kuliah ini, Bu. Terima kasih 🙏"
DSN0369,revisi,dosen,aslm pak saya sudah perbaiki sesuai arahan,"Assalaamu'alaikum Pak, mohon izin, saya sudah memperbaiki tugas sesuai arahan Bapak. Terima kasih 🙏"
DSN0370,revisi,dosen,aslm bu apakah revisi dikirim ke email,"Assalaamu'alaikum Bu, mohon izin bertanya, apakah revisi dikirimkan melalui email, Bu? Terima kasih 🙏"
DSN0371,konsultasi,dosen,aslm pak apakah bisa konsultasi setelah kelas,"Assalaamu'alaikum Pak, mohon izin bertanya, apakah saya dapat berkonsultasi setelah kelas, Pak? Terima kasih 🙏"
DSN0372,konsultasi,dosen,aslm bu saya ingin meminta waktu konsultasi,"Assalaamu'alaikum Bu, mohon izin, saya ingin meminta waktu untuk konsultasi dengan Ibu, Bu. Terima kasih 🙏"
DSN0373,presentasi,dosen,aslm pak kelompok saya bisa presentasi minggu depan,"Assalaamu'alaikum Pak, mohon izin bertanya, apakah kelompok saya dapat melakukan presentasi minggu depan, Pak? Terima kasih 🙏"
DSN0374,presentasi,dosen,aslm bu apakah presentasi harus semua anggota hadir,"Assalaamu'alaikum Bu, mohon izin bertanya, apakah semua anggota kelompok wajib hadir saat presentasi, Bu? Terima kasih 🙏"
DSN0375,ujian,dosen,aslm pak apakah ujian menggunakan google form,"Assalaamu'alaikum Pak, mohon izin bertanya, apakah ujian menggunakan Google Form, Pak? Terima kasih 🙏"
DSN0376,ujian,dosen,aslm bu apakah ada ujian susulan,"Assalaamu'alaikum Bu, mohon izin bertanya, apakah tersedia ujian susulan, Bu? Terima kasih 🙏"
DSN0377,pengumpulan,dosen,aslm pak saya ingin memastikan tugas saya sudah terkirim,"Assalaamu'alaikum Pak, mohon izin, saya ingin memastikan apakah tugas saya sudah terkirim dengan baik, Pak. Terima kasih 🙏"
DSN0378,pengumpulan,dosen,aslm bu saya sudah mengirim tugas lewat email,"Assalaamu'alaikum Bu, mohon izin, saya sudah mengirimkan tugas melalui email, Bu. Terima kasih 🙏"
DSN0379,izin_terlambat,dosen,aslm pak mohon maaf saya terlambat karena kendala transportasi,"Assalaamu'alaikum Pak, mohon maaf, saya terlambat mengikuti kelas karena kendala transportasi, Pak. Terima kasih 🙏"
DSN0380,izin_terlambat,dosen,aslm bu saya terlambat karena jaringan internet bermasalah,"Assalaamu'alaikum Bu, mohon maaf, saya terlambat bergabung karena jaringan internet bermasalah, Bu. Terima kasih 🙏"
DSN0381,perubahan_jadwal,dosen,assalamualaikum selamat pagi pak punten izin bertanya pak untuk reguler b kelas hari ini apa tetap masuk seperti biasa atau ada perubahan jadwal ya pak,"Assalaamu'alaikum Pak, selamat pagi. Mohon izin bertanya, untuk kelas Reguler B hari ini apakah tetap masuk seperti biasa atau ada perubahan jadwal ya, Pak? Terima kasih 🙏"
DSN0382,paper_introduction_sitasi,dosen,pak untuk hari rabu setiap kelompok harus sudah ada judul dan introduction lengkap sitasi ya,"Pak, mohon izin mengonfirmasi, untuk hari Rabu setiap kelompok sudah harus memiliki judul dan bagian introduction yang dilengkapi sitasi dari artikel penelitian lain, apakah benar begitu, Pak? Terima kasih 🙏"
DSN0383,paper_introduction_sitasi,dosen,bu introduction paper harus lengkap sama sitasi dari artikel penelitian juga ya,"Bu, mohon izin bertanya, apakah bagian introduction pada paper harus dilengkapi dengan sitasi dari artikel penelitian juga ya, Bu? Terima kasih 🙏"
DSN0384,jadwal_kelas,dosen,pa kelas hari ini jadi masuk ga,"Pak, mohon izin bertanya, apakah kelas hari ini tetap dilaksanakan, Pak? Terima kasih 🙏"
DSN0385,jadwal_kelas,dosen,pa reguler a hari ini mulai jam berapa ya,"Pak, mohon izin bertanya, Reguler A hari ini dimulai pukul berapa ya, Pak? Terima kasih 🙏"
DSN0386,perubahan_jadwal,dosen,pa reguler a hari ini ada perubahan jadwal ga,"Pak, mohon izin bertanya, apakah ada perubahan jadwal untuk Reguler A hari ini, Pak? Terima kasih 🙏"
DSN0387,perubahan_jadwal,dosen,pa kuliah hari ini tetap sesuai jadwal atau pindah ya,"Pak, mohon izin bertanya, apakah perkuliahan hari ini tetap sesuai jadwal atau ada perubahan, Pak? Terima kasih 🙏"
DSN0388,ruang_kelas,dosen,pa kelasnya ruang berapa ya,"Pak, mohon izin bertanya, perkuliahan ini dilaksanakan di ruang berapa ya, Pak? Terima kasih 🙏"
DSN0389,ruang_kelas,dosen,pa reguler a masuknya di ruangan mana,"Pak, mohon izin bertanya, Reguler A dilaksanakan di ruangan mana ya, Pak? Terima kasih 🙏"
DSN0390,link_online,dosen,pa link zoomnya mana ya,"Pak, mohon izin bertanya, apakah Pak berkenan membagikan tautan Zoom untuk perkuliahan hari ini? Terima kasih 🙏"
DSN0391,link_online,dosen,pa gmeet kelas hari ini belum ada,"Pak, mohon izin bertanya, apakah tautan Google Meet untuk kelas hari ini sudah tersedia, Pak? Terima kasih 🙏"
DSN0392,materi,dosen,pa materinya bisa diakses dimana,"Pak, mohon izin bertanya, materi perkuliahan ini dapat saya akses di mana ya, Pak? Terima kasih 🙏"
DSN0393,materi,dosen,pa file ppt pertemuan kemarin ada ga,"Pak, mohon izin bertanya, apakah file PPT pertemuan kemarin dapat dibagikan, Pak? Terima kasih 🙏"
DSN0394,tugas,dosen,pa tugasnya dikumpul dimana ya,"Pak, mohon izin bertanya, tugas tersebut dikumpulkan melalui media apa ya, Pak? Terima kasih 🙏"
DSN0395,deadline,dosen,pa deadline tugasnya kapan ya,"Pak, mohon izin bertanya, batas pengumpulan tugas tersebut sampai kapan ya, Pak? Terima kasih 🙏"
DSN0396,tugas_kelompok,dosen,pa kelompok saya mau nanya soal pembagian tugas,"Pak, mohon izin, kelompok saya ingin bertanya terkait pembagian tugas pada project ini, Pak. Terima kasih 🙏"
DSN0397,paper_introduction_sitasi,dosen,pa judul sama introduction paper dikumpul rabu ya,"Pak, mohon izin mengonfirmasi, apakah judul dan introduction paper dikumpulkan pada hari Rabu, Pak? Terima kasih 🙏"
DSN0398,paper_introduction_sitasi,dosen,pa sitasi di introduction minimal berapa artikel,"Pak, mohon izin bertanya, untuk bagian introduction, minimal menggunakan berapa artikel sebagai sitasi ya, Pak? Terima kasih 🙏"
DSN0399,judul_paper,dosen,pa judul paper kelompok boleh diganti ga,"Pak, mohon izin bertanya, apakah judul paper kelompok kami masih boleh diganti, Pak? Terima kasih 🙏"
DSN0400,izin_absen,dosen,pa saya izin ga masuk karena sakit,"Pak, mohon izin, saya tidak dapat mengikuti perkuliahan hari ini karena sedang sakit. Terima kasih 🙏"
DSN0401,izin_absen,dosen,pa saya izin telat masuk kelas,"Pak, mohon izin, kemungkinan saya terlambat mengikuti kelas hari ini. Terima kasih 🙏"
DSN0402,nilai,dosen,pa nilai tugas saya belum muncul,"Pak, mohon izin bertanya, nilai tugas saya belum muncul. Apakah saya boleh mengonfirmasi hal tersebut, Pak? Terima kasih 🙏"
DSN0403,revisi,dosen,pa revisi tugas saya sudah benar belum,"Pak, mohon izin bertanya, apakah revisi tugas saya sudah sesuai dengan arahan, Pak? Terima kasih 🙏"
DSN0404,konsultasi,dosen,pa saya mau konsultasi kapan bisa,"Pak, mohon izin, apakah saya dapat melakukan konsultasi pada waktu yang Pak tentukan? Terima kasih 🙏"
DSN0405,bimbingan,dosen,pa boleh bimbingan minggu ini ga,"Pak, mohon izin bertanya, apakah saya dapat melakukan bimbingan pada minggu ini, Pak? Terima kasih 🙏"
DSN0406,presentasi,dosen,pa presentasi kelompok urutannya gimana,"Pak, mohon izin bertanya, bagaimana urutan presentasi kelompok untuk pertemuan berikutnya, Pak? Terima kasih 🙏"
DSN0407,ujian,dosen,pa uts materinya dari pertemuan berapa sampai berapa,"Pak, mohon izin bertanya, materi UTS mencakup pertemuan berapa sampai pertemuan berapa ya, Pak? Terima kasih 🙏"
DSN0408,kelas_pengganti,dosen,pa kelas pengganti jadi hari apa,"Pak, mohon izin bertanya, kelas pengganti akan dilaksanakan pada hari apa ya, Pak? Terima kasih 🙏"
DSN0409,konfirmasi_instruksi,dosen,pa apakah instruksi tugasnya seperti yang di grup ya,"Pak, mohon izin mengonfirmasi, apakah instruksi tugasnya sesuai dengan informasi yang dibagikan di grup, Pak? Terima kasih 🙏"
DSN0410,jadwal_kelas,dosen,pa reguler b hari ini mulai jam berapa ya,"Pak, mohon izin bertanya, Reguler B hari ini dimulai pukul berapa ya, Pak? Terima kasih 🙏"
DSN0411,perubahan_jadwal,dosen,pa reguler b hari ini ada perubahan jadwal ga,"Pak, mohon izin bertanya, apakah ada perubahan jadwal untuk Reguler B hari ini, Pak? Terima kasih 🙏"
DSN0412,ruang_kelas,dosen,pa reguler b masuknya di ruangan mana,"Pak, mohon izin bertanya, Reguler B dilaksanakan di ruangan mana ya, Pak? Terima kasih 🙏"
DSN0413,jadwal_kelas,dosen,pa kelas pagi hari ini mulai jam berapa ya,"Pak, mohon izin bertanya, Kelas Pagi hari ini dimulai pukul berapa ya, Pak? Terima kasih 🙏"
DSN0414,perubahan_jadwal,dosen,pa kelas pagi hari ini ada perubahan jadwal ga,"Pak, mohon izin bertanya, apakah ada perubahan jadwal untuk Kelas Pagi hari ini, Pak? Terima kasih 🙏"
DSN0415,ruang_kelas,dosen,pa kelas pagi masuknya di ruangan mana,"Pak, mohon izin bertanya, Kelas Pagi dilaksanakan di ruangan mana ya, Pak? Terima kasih 🙏"
DSN0416,jadwal_kelas,dosen,pa kelas sore hari ini mulai jam berapa ya,"Pak, mohon izin bertanya, Kelas Sore hari ini dimulai pukul berapa ya, Pak? Terima kasih 🙏"
DSN0417,perubahan_jadwal,dosen,pa kelas sore hari ini ada perubahan jadwal ga,"Pak, mohon izin bertanya, apakah ada perubahan jadwal untuk Kelas Sore hari ini, Pak? Terima kasih 🙏"
DSN0418,ruang_kelas,dosen,pa kelas sore masuknya di ruangan mana,"Pak, mohon izin bertanya, Kelas Sore dilaksanakan di ruangan mana ya, Pak? Terima kasih 🙏"
DSN0419,jadwal_kelas,dosen,pa kelas bisnis digital hari ini mulai jam berapa ya,"Pak, mohon izin bertanya, Kelas Bisnis Digital hari ini dimulai pukul berapa ya, Pak? Terima kasih 🙏"
DSN0420,perubahan_jadwal,dosen,pa kelas bisnis digital hari ini ada perubahan jadwal ga,"Pak, mohon izin bertanya, apakah ada perubahan jadwal untuk Kelas Bisnis Digital hari ini, Pak? Terima kasih 🙏"
DSN0421,ruang_kelas,dosen,pa kelas bisnis digital masuknya di ruangan mana,"Pak, mohon izin bertanya, Kelas Bisnis Digital dilaksanakan di ruangan mana ya, Pak? Terima kasih 🙏"
DSN0422,jadwal_kelas,dosen,pa kelas ai hari ini mulai jam berapa ya,"Pak, mohon izin bertanya, Kelas Ai hari ini dimulai pukul berapa ya, Pak? Terima kasih 🙏"
DSN0423,perubahan_jadwal,dosen,pa kelas ai hari ini ada perubahan jadwal ga,"Pak, mohon izin bertanya, apakah ada perubahan jadwal untuk Kelas Ai hari ini, Pak? Terima kasih 🙏"
DSN0424,ruang_kelas,dosen,pa kelas ai masuknya di ruangan mana,"Pak, mohon izin bertanya, Kelas Ai dilaksanakan di ruangan mana ya, Pak? Terima kasih 🙏"
DSN0425,jadwal_kelas,dosen,pa kelas hari ini hari ini mulai jam berapa ya,"Pak, mohon izin bertanya, Kelas Hari Ini hari ini dimulai pukul berapa ya, Pak? Terima kasih 🙏"
DSN0426,perubahan_jadwal,dosen,pa kelas hari ini hari ini ada perubahan jadwal ga,"Pak, mohon izin bertanya, apakah ada perubahan jadwal untuk Kelas Hari Ini hari ini, Pak? Terima kasih 🙏"
DSN0427,ruang_kelas,dosen,pa kelas hari ini masuknya di ruangan mana,"Pak, mohon izin bertanya, Kelas Hari Ini dilaksanakan di ruangan mana ya, Pak? Terima kasih 🙏"
DSN0428,jadwal_kelas,dosen,pak besok ada kelas ga,"Pak, mohon izin bertanya, apakah besok ada perkuliahan, Pak? Terima kasih 🙏"
DSN0429,jadwal_kelas,dosen,pak kelas hari ini jadi masuk ga,"Pak, mohon izin bertanya, apakah kelas hari ini tetap dilaksanakan, Pak? Terima kasih 🙏"
DSN0430,jadwal_kelas,dosen,pak reguler a hari ini mulai jam berapa ya,"Pak, mohon izin bertanya, Reguler A hari ini dimulai pukul berapa ya, Pak? Terima kasih 🙏"
DSN0431,perubahan_jadwal,dosen,pak reguler a hari ini ada perubahan jadwal ga,"Pak, mohon izin bertanya, apakah ada perubahan jadwal untuk Reguler A hari ini, Pak? Terima kasih 🙏"
DSN0432,perubahan_jadwal,dosen,pak kuliah hari ini tetap sesuai jadwal atau pindah ya,"Pak, mohon izin bertanya, apakah perkuliahan hari ini tetap sesuai jadwal atau ada perubahan, Pak? Terima kasih 🙏"
DSN0433,ruang_kelas,dosen,pak kelasnya ruang berapa ya,"Pak, mohon izin bertanya, perkuliahan ini dilaksanakan di ruang berapa ya, Pak? Terima kasih 🙏"
DSN0434,ruang_kelas,dosen,pak reguler a masuknya di ruangan mana,"Pak, mohon izin bertanya, Reguler A dilaksanakan di ruangan mana ya, Pak? Terima kasih 🙏"
DSN0435,link_online,dosen,pak link zoomnya mana ya,"Pak, mohon izin bertanya, apakah Pak berkenan membagikan tautan Zoom untuk perkuliahan hari ini? Terima kasih 🙏"
DSN0436,link_online,dosen,pak gmeet kelas hari ini belum ada,"Pak, mohon izin bertanya, apakah tautan Google Meet untuk kelas hari ini sudah tersedia, Pak? Terima kasih 🙏"
DSN0437,materi,dosen,pak materinya bisa diakses dimana,"Pak, mohon izin bertanya, materi perkuliahan ini dapat saya akses di mana ya, Pak? Terima kasih 🙏"
DSN0438,materi,dosen,pak file ppt pertemuan kemarin ada ga,"Pak, mohon izin bertanya, apakah file PPT pertemuan kemarin dapat dibagikan, Pak? Terima kasih 🙏"
DSN0439,tugas,dosen,pak tugasnya dikumpul dimana ya,"Pak, mohon izin bertanya, tugas tersebut dikumpulkan melalui media apa ya, Pak? Terima kasih 🙏"
DSN0440,deadline,dosen,pak deadline tugasnya kapan ya,"Pak, mohon izin bertanya, batas pengumpulan tugas tersebut sampai kapan ya, Pak? Terima kasih 🙏"
DSN0441,tugas_kelompok,dosen,pak kelompok saya mau nanya soal pembagian tugas,"Pak, mohon izin, kelompok saya ingin bertanya terkait pembagian tugas pada project ini, Pak. Terima kasih 🙏"
DSN0442,paper_introduction_sitasi,dosen,pak judul sama introduction paper dikumpul rabu ya,"Pak, mohon izin mengonfirmasi, apakah judul dan introduction paper dikumpulkan pada hari Rabu, Pak? Terima kasih 🙏"
DSN0443,paper_introduction_sitasi,dosen,pak sitasi di introduction minimal berapa artikel,"Pak, mohon izin bertanya, untuk bagian introduction, minimal menggunakan berapa artikel sebagai sitasi ya, Pak? Terima kasih 🙏"
DSN0444,judul_paper,dosen,pak judul paper kelompok boleh diganti ga,"Pak, mohon izin bertanya, apakah judul paper kelompok kami masih boleh diganti, Pak? Terima kasih 🙏"
DSN0445,izin_absen,dosen,pak saya izin ga masuk karena sakit,"Pak, mohon izin, saya tidak dapat mengikuti perkuliahan hari ini karena sedang sakit. Terima kasih 🙏"
DSN0446,izin_absen,dosen,pak saya izin telat masuk kelas,"Pak, mohon izin, kemungkinan saya terlambat mengikuti kelas hari ini. Terima kasih 🙏"
DSN0447,absensi,dosen,pak absen saya belum masuk,"Pak, mohon izin, saya ingin mengonfirmasi karena absensi saya belum tercatat, Pak. Terima kasih 🙏"
DSN0448,nilai,dosen,pak nilai tugas saya belum muncul,"Pak, mohon izin bertanya, nilai tugas saya belum muncul. Apakah saya boleh mengonfirmasi hal tersebut, Pak? Terima kasih 🙏"
DSN0449,revisi,dosen,pak revisi tugas saya sudah benar belum,"Pak, mohon izin bertanya, apakah revisi tugas saya sudah sesuai dengan arahan, Pak? Terima kasih 🙏"
DSN0450,konsultasi,dosen,pak saya mau konsultasi kapan bisa,"Pak, mohon izin, apakah saya dapat melakukan konsultasi pada waktu yang Pak tentukan? Terima kasih 🙏"
DSN0451,bimbingan,dosen,pak boleh bimbingan minggu ini ga,"Pak, mohon izin bertanya, apakah saya dapat melakukan bimbingan pada minggu ini, Pak? Terima kasih 🙏"
DSN0452,presentasi,dosen,pak presentasi kelompok urutannya gimana,"Pak, mohon izin bertanya, bagaimana urutan presentasi kelompok untuk pertemuan berikutnya, Pak? Terima kasih 🙏"
DSN0453,ujian,dosen,pak uts materinya dari pertemuan berapa sampai berapa,"Pak, mohon izin bertanya, materi UTS mencakup pertemuan berapa sampai pertemuan berapa ya, Pak? Terima kasih 🙏"
DSN0454,kelas_pengganti,dosen,pak kelas pengganti jadi hari apa,"Pak, mohon izin bertanya, kelas pengganti akan dilaksanakan pada hari apa ya, Pak? Terima kasih 🙏"
DSN0455,konfirmasi_instruksi,dosen,pak apakah instruksi tugasnya seperti yang di grup ya,"Pak, mohon izin mengonfirmasi, apakah instruksi tugasnya sesuai dengan informasi yang dibagikan di grup, Pak? Terima kasih 🙏"
DSN0456,jadwal_kelas,dosen,pak reguler b hari ini mulai jam berapa ya,"Pak, mohon izin bertanya, Reguler B hari ini dimulai pukul berapa ya, Pak? Terima kasih 🙏"
DSN0457,perubahan_jadwal,dosen,pak reguler b hari ini ada perubahan jadwal ga,"Pak, mohon izin bertanya, apakah ada perubahan jadwal untuk Reguler B hari ini, Pak? Terima kasih 🙏"
DSN0458,ruang_kelas,dosen,pak reguler b masuknya di ruangan mana,"Pak, mohon izin bertanya, Reguler B dilaksanakan di ruangan mana ya, Pak? Terima kasih 🙏"
DSN0459,jadwal_kelas,dosen,pak kelas pagi hari ini mulai jam berapa ya,"Pak, mohon izin bertanya, Kelas Pagi hari ini dimulai pukul berapa ya, Pak? Terima kasih 🙏"
DSN0460,perubahan_jadwal,dosen,pak kelas pagi hari ini ada perubahan jadwal ga,"Pak, mohon izin bertanya, apakah ada perubahan jadwal untuk Kelas Pagi hari ini, Pak? Terima kasih 🙏"
DSN0461,ruang_kelas,dosen,pak kelas pagi masuknya di ruangan mana,"Pak, mohon izin bertanya, Kelas Pagi dilaksanakan di ruangan mana ya, Pak? Terima kasih 🙏"
DSN0462,jadwal_kelas,dosen,pak kelas sore hari ini mulai jam berapa ya,"Pak, mohon izin bertanya, Kelas Sore hari ini dimulai pukul berapa ya, Pak? Terima kasih 🙏"
DSN0463,perubahan_jadwal,dosen,pak kelas sore hari ini ada perubahan jadwal ga,"Pak, mohon izin bertanya, apakah ada perubahan jadwal untuk Kelas Sore hari ini, Pak? Terima kasih 🙏"
DSN0464,ruang_kelas,dosen,pak kelas sore masuknya di ruangan mana,"Pak, mohon izin bertanya, Kelas Sore dilaksanakan di ruangan mana ya, Pak? Terima kasih 🙏"
DSN0465,jadwal_kelas,dosen,pak kelas bisnis digital hari ini mulai jam berapa ya,"Pak, mohon izin bertanya, Kelas Bisnis Digital hari ini dimulai pukul berapa ya, Pak? Terima kasih 🙏"
DSN0466,perubahan_jadwal,dosen,pak kelas bisnis digital hari ini ada perubahan jadwal ga,"Pak, mohon izin bertanya, apakah ada perubahan jadwal untuk Kelas Bisnis Digital hari ini, Pak? Terima kasih 🙏"
DSN0467,ruang_kelas,dosen,pak kelas bisnis digital masuknya di ruangan mana,"Pak, mohon izin bertanya, Kelas Bisnis Digital dilaksanakan di ruangan mana ya, Pak? Terima kasih 🙏"
DSN0468,jadwal_kelas,dosen,pak kelas ai hari ini mulai jam berapa ya,"Pak, mohon izin bertanya, Kelas Ai hari ini dimulai pukul berapa ya, Pak? Terima kasih 🙏"
DSN0469,perubahan_jadwal,dosen,pak kelas ai hari ini ada perubahan jadwal ga,"Pak, mohon izin bertanya, apakah ada perubahan jadwal untuk Kelas Ai hari ini, Pak? Terima kasih 🙏"
DSN0470,ruang_kelas,dosen,pak kelas ai masuknya di ruangan mana,"Pak, mohon izin bertanya, Kelas Ai dilaksanakan di ruangan mana ya, Pak? Terima kasih 🙏"
DSN0471,jadwal_kelas,dosen,pak kelas hari ini hari ini mulai jam berapa ya,"Pak, mohon izin bertanya, Kelas Hari Ini hari ini dimulai pukul berapa ya, Pak? Terima kasih 🙏"
DSN0472,perubahan_jadwal,dosen,pak kelas hari ini hari ini ada perubahan jadwal ga,"Pak, mohon izin bertanya, apakah ada perubahan jadwal untuk Kelas Hari Ini hari ini, Pak? Terima kasih 🙏"
DSN0473,ruang_kelas,dosen,pak kelas hari ini masuknya di ruangan mana,"Pak, mohon izin bertanya, Kelas Hari Ini dilaksanakan di ruangan mana ya, Pak? Terima kasih 🙏"
DSN0474,jadwal_kelas,dosen,bu besok ada kelas ga,"Bu, mohon izin bertanya, apakah besok ada perkuliahan, Bu? Terima kasih 🙏"
DSN0475,jadwal_kelas,dosen,bu kelas hari ini jadi masuk ga,"Bu, mohon izin bertanya, apakah kelas hari ini tetap dilaksanakan, Bu? Terima kasih 🙏"
DSN0476,jadwal_kelas,dosen,bu reguler a hari ini mulai jam berapa ya,"Bu, mohon izin bertanya, Reguler A hari ini dimulai pukul berapa ya, Bu? Terima kasih 🙏"
DSN0477,perubahan_jadwal,dosen,bu reguler a hari ini ada perubahan jadwal ga,"Bu, mohon izin bertanya, apakah ada perubahan jadwal untuk Reguler A hari ini, Bu? Terima kasih 🙏"
DSN0478,perubahan_jadwal,dosen,bu kuliah hari ini tetap sesuai jadwal atau pindah ya,"Bu, mohon izin bertanya, apakah perkuliahan hari ini tetap sesuai jadwal atau ada perubahan, Bu? Terima kasih 🙏"
DSN0479,ruang_kelas,dosen,bu kelasnya ruang berapa ya,"Bu, mohon izin bertanya, perkuliahan ini dilaksanakan di ruang berapa ya, Bu? Terima kasih 🙏"
DSN0480,ruang_kelas,dosen,bu reguler a masuknya di ruangan mana,"Bu, mohon izin bertanya, Reguler A dilaksanakan di ruangan mana ya, Bu? Terima kasih 🙏"
DSN0481,link_online,dosen,bu link zoomnya mana ya,"Bu, mohon izin bertanya, apakah Bu berkenan membagikan tautan Zoom untuk perkuliahan hari ini? Terima kasih 🙏"
DSN0482,link_online,dosen,bu gmeet kelas hari ini belum ada,"Bu, mohon izin bertanya, apakah tautan Google Meet untuk kelas hari ini sudah tersedia, Bu? Terima kasih 🙏"
DSN0483,materi,dosen,bu materinya bisa diakses dimana,"Bu, mohon izin bertanya, materi perkuliahan ini dapat saya akses di mana ya, Bu? Terima kasih 🙏"
DSN0484,materi,dosen,bu file ppt pertemuan kemarin ada ga,"Bu, mohon izin bertanya, apakah file PPT pertemuan kemarin dapat dibagikan, Bu? Terima kasih 🙏"
DSN0485,tugas,dosen,bu tugasnya dikumpul dimana ya,"Bu, mohon izin bertanya, tugas tersebut dikumpulkan melalui media apa ya, Bu? Terima kasih 🙏"
DSN0486,deadline,dosen,bu deadline tugasnya kapan ya,"Bu, mohon izin bertanya, batas pengumpulan tugas tersebut sampai kapan ya, Bu? Terima kasih 🙏"
DSN0487,tugas_kelompok,dosen,bu kelompok saya mau nanya soal pembagian tugas,"Bu, mohon izin, kelompok saya ingin bertanya terkait pembagian tugas pada project ini, Bu. Terima kasih 🙏"
DSN0488,paper_introduction_sitasi,dosen,bu judul sama introduction paper dikumpul rabu ya,"Bu, mohon izin mengonfirmasi, apakah judul dan introduction paper dikumpulkan pada hari Rabu, Bu? Terima kasih 🙏"
DSN0489,paper_introduction_sitasi,dosen,bu sitasi di introduction minimal berapa artikel,"Bu, mohon izin bertanya, untuk bagian introduction, minimal menggunakan berapa artikel sebagai sitasi ya, Bu? Terima kasih 🙏"
DSN0490,judul_paper,dosen,bu judul paper kelompok boleh diganti ga,"Bu, mohon izin bertanya, apakah judul paper kelompok kami masih boleh diganti, Bu? Terima kasih 🙏"
DSN0491,izin_absen,dosen,bu saya izin ga masuk karena sakit,"Bu, mohon izin, saya tidak dapat mengikuti perkuliahan hari ini karena sedang sakit. Terima kasih 🙏"
DSN0492,izin_absen,dosen,bu saya izin telat masuk kelas,"Bu, mohon izin, kemungkinan saya terlambat mengikuti kelas hari ini. Terima kasih 🙏"
DSN0493,absensi,dosen,bu absen saya belum masuk,"Bu, mohon izin, saya ingin mengonfirmasi karena absensi saya belum tercatat, Bu. Terima kasih 🙏"
DSN0494,nilai,dosen,bu nilai tugas saya belum muncul,"Bu, mohon izin bertanya, nilai tugas saya belum muncul. Apakah saya boleh mengonfirmasi hal tersebut, Bu? Terima kasih 🙏"
DSN0495,revisi,dosen,bu revisi tugas saya sudah benar belum,"Bu, mohon izin bertanya, apakah revisi tugas saya sudah sesuai dengan arahan, Bu? Terima kasih 🙏"
DSN0496,konsultasi,dosen,bu saya mau konsultasi kapan bisa,"Bu, mohon izin, apakah saya dapat melakukan konsultasi pada waktu yang Bu tentukan? Terima kasih 🙏"
DSN0497,bimbingan,dosen,bu boleh bimbingan minggu ini ga,"Bu, mohon izin bertanya, apakah saya dapat melakukan bimbingan pada minggu ini, Bu? Terima kasih 🙏"
DSN0498,presentasi,dosen,bu presentasi kelompok urutannya gimana,"Bu, mohon izin bertanya, bagaimana urutan presentasi kelompok untuk pertemuan berikutnya, Bu? Terima kasih 🙏"
DSN0499,ujian,dosen,bu uts materinya dari pertemuan berapa sampai berapa,"Bu, mohon izin bertanya, materi UTS mencakup pertemuan berapa sampai pertemuan berapa ya, Bu? Terima kasih 🙏"
DSN0500,kelas_pengganti,dosen,bu kelas pengganti jadi hari apa,"Bu, mohon izin bertanya, kelas pengganti akan dilaksanakan pada hari apa ya, Bu? Terima kasih 🙏"
DSN0501,konfirmasi_instruksi,dosen,bu apakah instruksi tugasnya seperti yang di grup ya,"Bu, mohon izin mengonfirmasi, apakah instruksi tugasnya sesuai dengan informasi yang dibagikan di grup, Bu? Terima kasih 🙏"
DSN0502,jadwal_kelas,dosen,bu reguler b hari ini mulai jam berapa ya,"Bu, mohon izin bertanya, Reguler B hari ini dimulai pukul berapa ya, Bu? Terima kasih 🙏"
DSN0503,perubahan_jadwal,dosen,bu reguler b hari ini ada perubahan jadwal ga,"Bu, mohon izin bertanya, apakah ada perubahan jadwal untuk Reguler B hari ini, Bu? Terima kasih 🙏"
DSN0504,ruang_kelas,dosen,bu reguler b masuknya di ruangan mana,"Bu, mohon izin bertanya, Reguler B dilaksanakan di ruangan mana ya, Bu? Terima kasih 🙏"
DSN0505,jadwal_kelas,dosen,bu kelas pagi hari ini mulai jam berapa ya,"Bu, mohon izin bertanya, Kelas Pagi hari ini dimulai pukul berapa ya, Bu? Terima kasih 🙏"
DSN0506,perubahan_jadwal,dosen,bu kelas pagi hari ini ada perubahan jadwal ga,"Bu, mohon izin bertanya, apakah ada perubahan jadwal untuk Kelas Pagi hari ini, Bu? Terima kasih 🙏"
DSN0507,ruang_kelas,dosen,bu kelas pagi masuknya di ruangan mana,"Bu, mohon izin bertanya, Kelas Pagi dilaksanakan di ruangan mana ya, Bu? Terima kasih 🙏"
DSN0508,jadwal_kelas,dosen,bu kelas sore hari ini mulai jam berapa ya,"Bu, mohon izin bertanya, Kelas Sore hari ini dimulai pukul berapa ya, Bu? Terima kasih 🙏"
DSN0509,perubahan_jadwal,dosen,bu kelas sore hari ini ada perubahan jadwal ga,"Bu, mohon izin bertanya, apakah ada perubahan jadwal untuk Kelas Sore hari ini, Bu? Terima kasih 🙏"
DSN0510,ruang_kelas,dosen,bu kelas sore masuknya di ruangan mana,"Bu, mohon izin bertanya, Kelas Sore dilaksanakan di ruangan mana ya, Bu? Terima kasih 🙏"
DSN0511,jadwal_kelas,dosen,bu kelas bisnis digital hari ini mulai jam berapa ya,"Bu, mohon izin bertanya, Kelas Bisnis Digital hari ini dimulai pukul berapa ya, Bu? Terima kasih 🙏"
DSN0512,perubahan_jadwal,dosen,bu kelas bisnis digital hari ini ada perubahan jadwal ga,"Bu, mohon izin bertanya, apakah ada perubahan jadwal untuk Kelas Bisnis Digital hari ini, Bu? Terima kasih 🙏"
DSN0513,ruang_kelas,dosen,bu kelas bisnis digital masuknya di ruangan mana,"Bu, mohon izin bertanya, Kelas Bisnis Digital dilaksanakan di ruangan mana ya, Bu? Terima kasih 🙏"
DSN0514,jadwal_kelas,dosen,bu kelas ai hari ini mulai jam berapa ya,"Bu, mohon izin bertanya, Kelas Ai hari ini dimulai pukul berapa ya, Bu? Terima kasih 🙏"
DSN0515,perubahan_jadwal,dosen,bu kelas ai hari ini ada perubahan jadwal ga,"Bu, mohon izin bertanya, apakah ada perubahan jadwal untuk Kelas Ai hari ini, Bu? Terima kasih 🙏"
DSN0516,ruang_kelas,dosen,bu kelas ai masuknya di ruangan mana,"Bu, mohon izin bertanya, Kelas Ai dilaksanakan di ruangan mana ya, Bu? Terima kasih 🙏"
DSN0517,jadwal_kelas,dosen,bu kelas hari ini hari ini mulai jam berapa ya,"Bu, mohon izin bertanya, Kelas Hari Ini hari ini dimulai pukul berapa ya, Bu? Terima kasih 🙏"
DSN0518,perubahan_jadwal,dosen,bu kelas hari ini hari ini ada perubahan jadwal ga,"Bu, mohon izin bertanya, apakah ada perubahan jadwal untuk Kelas Hari Ini hari ini, Bu? Terima kasih 🙏"
DSN0519,ruang_kelas,dosen,bu kelas hari ini masuknya di ruangan mana,"Bu, mohon izin bertanya, Kelas Hari Ini dilaksanakan di ruangan mana ya, Bu? Terima kasih 🙏"
DSN0520,jadwal_kelas,dosen,ibu besok ada kelas ga,"Bu, mohon izin bertanya, apakah besok ada perkuliahan, Bu? Terima kasih 🙏"
DSN0521,jadwal_kelas,dosen,ibu kelas hari ini jadi masuk ga,"Bu, mohon izin bertanya, apakah kelas hari ini tetap dilaksanakan, Bu? Terima kasih 🙏"
DSN0522,jadwal_kelas,dosen,ibu reguler a hari ini mulai jam berapa ya,"Bu, mohon izin bertanya, Reguler A hari ini dimulai pukul berapa ya, Bu? Terima kasih 🙏"
DSN0523,perubahan_jadwal,dosen,ibu reguler a hari ini ada perubahan jadwal ga,"Bu, mohon izin bertanya, apakah ada perubahan jadwal untuk Reguler A hari ini, Bu? Terima kasih 🙏"
DSN0524,perubahan_jadwal,dosen,ibu kuliah hari ini tetap sesuai jadwal atau pindah ya,"Bu, mohon izin bertanya, apakah perkuliahan hari ini tetap sesuai jadwal atau ada perubahan, Bu? Terima kasih 🙏"
DSN0525,ruang_kelas,dosen,ibu kelasnya ruang berapa ya,"Bu, mohon izin bertanya, perkuliahan ini dilaksanakan di ruang berapa ya, Bu? Terima kasih 🙏"
DSN0526,ruang_kelas,dosen,ibu reguler a masuknya di ruangan mana,"Bu, mohon izin bertanya, Reguler A dilaksanakan di ruangan mana ya, Bu? Terima kasih 🙏"
DSN0527,link_online,dosen,ibu link zoomnya mana ya,"Bu, mohon izin bertanya, apakah Bu berkenan membagikan tautan Zoom untuk perkuliahan hari ini? Terima kasih 🙏"
DSN0528,link_online,dosen,ibu gmeet kelas hari ini belum ada,"Bu, mohon izin bertanya, apakah tautan Google Meet untuk kelas hari ini sudah tersedia, Bu? Terima kasih 🙏"
DSN0529,materi,dosen,ibu materinya bisa diakses dimana,"Bu, mohon izin bertanya, materi perkuliahan ini dapat saya akses di mana ya, Bu? Terima kasih 🙏"
DSN0530,materi,dosen,ibu file ppt pertemuan kemarin ada ga,"Bu, mohon izin bertanya, apakah file PPT pertemuan kemarin dapat dibagikan, Bu? Terima kasih 🙏"
DSN0531,tugas,dosen,ibu tugasnya dikumpul dimana ya,"Bu, mohon izin bertanya, tugas tersebut dikumpulkan melalui media apa ya, Bu? Terima kasih 🙏"
DSN0532,deadline,dosen,ibu deadline tugasnya kapan ya,"Bu, mohon izin bertanya, batas pengumpulan tugas tersebut sampai kapan ya, Bu? Terima kasih 🙏"
DSN0533,tugas_kelompok,dosen,ibu kelompok saya mau nanya soal pembagian tugas,"Bu, mohon izin, kelompok saya ingin bertanya terkait pembagian tugas pada project ini, Bu. Terima kasih 🙏"
DSN0534,paper_introduction_sitasi,dosen,ibu judul sama introduction paper dikumpul rabu ya,"Bu, mohon izin mengonfirmasi, apakah judul dan introduction paper dikumpulkan pada hari Rabu, Bu? Terima kasih 🙏"
DSN0535,paper_introduction_sitasi,dosen,ibu sitasi di introduction minimal berapa artikel,"Bu, mohon izin bertanya, untuk bagian introduction, minimal menggunakan berapa artikel sebagai sitasi ya, Bu? Terima kasih 🙏"
DSN0536,judul_paper,dosen,ibu judul paper kelompok boleh diganti ga,"Bu, mohon izin bertanya, apakah judul paper kelompok kami masih boleh diganti, Bu? Terima kasih 🙏"
DSN0537,izin_absen,dosen,ibu saya izin ga masuk karena sakit,"Bu, mohon izin, saya tidak dapat mengikuti perkuliahan hari ini karena sedang sakit. Terima kasih 🙏"
DSN0538,izin_absen,dosen,ibu saya izin telat masuk kelas,"Bu, mohon izin, kemungkinan saya terlambat mengikuti kelas hari ini. Terima kasih 🙏"
DSN0539,absensi,dosen,ibu absen saya belum masuk,"Bu, mohon izin, saya ingin mengonfirmasi karena absensi saya belum tercatat, Bu. Terima kasih 🙏"
DSN0540,nilai,dosen,ibu nilai tugas saya belum muncul,"Bu, mohon izin bertanya, nilai tugas saya belum muncul. Apakah saya boleh mengonfirmasi hal tersebut, Bu? Terima kasih 🙏"
DSN0541,revisi,dosen,ibu revisi tugas saya sudah benar belum,"Bu, mohon izin bertanya, apakah revisi tugas saya sudah sesuai dengan arahan, Bu? Terima kasih 🙏"
DSN0542,konsultasi,dosen,ibu saya mau konsultasi kapan bisa,"Bu, mohon izin, apakah saya dapat melakukan konsultasi pada waktu yang Bu tentukan? Terima kasih 🙏"
DSN0543,bimbingan,dosen,ibu boleh bimbingan minggu ini ga,"Bu, mohon izin bertanya, apakah saya dapat melakukan bimbingan pada minggu ini, Bu? Terima kasih 🙏"
DSN0544,presentasi,dosen,ibu presentasi kelompok urutannya gimana,"Bu, mohon izin bertanya, bagaimana urutan presentasi kelompok untuk pertemuan berikutnya, Bu? Terima kasih 🙏"
DSN0545,ujian,dosen,ibu uts materinya dari pertemuan berapa sampai berapa,"Bu, mohon izin bertanya, materi UTS mencakup pertemuan berapa sampai pertemuan berapa ya, Bu? Terima kasih 🙏"
DSN0546,kelas_pengganti,dosen,ibu kelas pengganti jadi hari apa,"Bu, mohon izin bertanya, kelas pengganti akan dilaksanakan pada hari apa ya, Bu? Terima kasih 🙏"
DSN0547,konfirmasi_instruksi,dosen,ibu apakah instruksi tugasnya seperti yang di grup ya,"Bu, mohon izin mengonfirmasi, apakah instruksi tugasnya sesuai dengan informasi yang dibagikan di grup, Bu? Terima kasih 🙏"
DSN0548,jadwal_kelas,dosen,ibu reguler b hari ini mulai jam berapa ya,"Bu, mohon izin bertanya, Reguler B hari ini dimulai pukul berapa ya, Bu? Terima kasih 🙏"
DSN0549,perubahan_jadwal,dosen,ibu reguler b hari ini ada perubahan jadwal ga,"Bu, mohon izin bertanya, apakah ada perubahan jadwal untuk Reguler B hari ini, Bu? Terima kasih 🙏"
DSN0550,ruang_kelas,dosen,ibu reguler b masuknya di ruangan mana,"Bu, mohon izin bertanya, Reguler B dilaksanakan di ruangan mana ya, Bu? Terima kasih 🙏"
DSN0551,jadwal_kelas,dosen,ibu kelas pagi hari ini mulai jam berapa ya,"Bu, mohon izin bertanya, Kelas Pagi hari ini dimulai pukul berapa ya, Bu? Terima kasih 🙏"
DSN0552,perubahan_jadwal,dosen,ibu kelas pagi hari ini ada perubahan jadwal ga,"Bu, mohon izin bertanya, apakah ada perubahan jadwal untuk Kelas Pagi hari ini, Bu? Terima kasih 🙏"
DSN0553,ruang_kelas,dosen,ibu kelas pagi masuknya di ruangan mana,"Bu, mohon izin bertanya, Kelas Pagi dilaksanakan di ruangan mana ya, Bu? Terima kasih 🙏"
DSN0554,jadwal_kelas,dosen,ibu kelas sore hari ini mulai jam berapa ya,"Bu, mohon izin bertanya, Kelas Sore hari ini dimulai pukul berapa ya, Bu? Terima kasih 🙏"
DSN0555,perubahan_jadwal,dosen,ibu kelas sore hari ini ada perubahan jadwal ga,"Bu, mohon izin bertanya, apakah ada perubahan jadwal untuk Kelas Sore hari ini, Bu? Terima kasih 🙏"
DSN0556,ruang_kelas,dosen,ibu kelas sore masuknya di ruangan mana,"Bu, mohon izin bertanya, Kelas Sore dilaksanakan di ruangan mana ya, Bu? Terima kasih 🙏"
DSN0557,jadwal_kelas,dosen,ibu kelas bisnis digital hari ini mulai jam berapa ya,"Bu, mohon izin bertanya, Kelas Bisnis Digital hari ini dimulai pukul berapa ya, Bu? Terima kasih 🙏"
DSN0558,perubahan_jadwal,dosen,ibu kelas bisnis digital hari ini ada perubahan jadwal ga,"Bu, mohon izin bertanya, apakah ada perubahan jadwal untuk Kelas Bisnis Digital hari ini, Bu? Terima kasih 🙏"
DSN0559,ruang_kelas,dosen,ibu kelas bisnis digital masuknya di ruangan mana,"Bu, mohon izin bertanya, Kelas Bisnis Digital dilaksanakan di ruangan mana ya, Bu? Terima kasih 🙏"
DSN0560,jadwal_kelas,dosen,ibu kelas ai hari ini mulai jam berapa ya,"Bu, mohon izin bertanya, Kelas Ai hari ini dimulai pukul berapa ya, Bu? Terima kasih 🙏"
DSN0561,perubahan_jadwal,dosen,ibu kelas ai hari ini ada perubahan jadwal ga,"Bu, mohon izin bertanya, apakah ada perubahan jadwal untuk Kelas Ai hari ini, Bu? Terima kasih 🙏"
DSN0562,ruang_kelas,dosen,ibu kelas ai masuknya di ruangan mana,"Bu, mohon izin bertanya, Kelas Ai dilaksanakan di ruangan mana ya, Bu? Terima kasih 🙏"
DSN0563,jadwal_kelas,dosen,ibu kelas hari ini hari ini mulai jam berapa ya,"Bu, mohon izin bertanya, Kelas Hari Ini hari ini dimulai pukul berapa ya, Bu? Terima kasih 🙏"
DSN0564,perubahan_jadwal,dosen,ibu kelas hari ini hari ini ada perubahan jadwal ga,"Bu, mohon izin bertanya, apakah ada perubahan jadwal untuk Kelas Hari Ini hari ini, Bu? Terima kasih 🙏"
DSN0565,ruang_kelas,dosen,ibu kelas hari ini masuknya di ruangan mana,"Bu, mohon izin bertanya, Kelas Hari Ini dilaksanakan di ruangan mana ya, Bu? Terima kasih 🙏"
DSN0566,jadwal_kelas,dosen,ass pak besok ada kelas ga,"Pak, mohon izin bertanya, apakah besok ada perkuliahan, Pak? Terima kasih 🙏"
DSN0567,jadwal_kelas,dosen,ass pak kelas hari ini jadi masuk ga,"Pak, mohon izin bertanya, apakah kelas hari ini tetap dilaksanakan, Pak? Terima kasih 🙏"
DSN0568,jadwal_kelas,dosen,ass pak reguler a hari ini mulai jam berapa ya,"Pak, mohon izin bertanya, Reguler A hari ini dimulai pukul berapa ya, Pak? Terima kasih 🙏"
DSN0569,perubahan_jadwal,dosen,ass pak reguler a hari ini ada perubahan jadwal ga,"Pak, mohon izin bertanya, apakah ada perubahan jadwal untuk Reguler A hari ini, Pak? Terima kasih 🙏"
DSN0570,perubahan_jadwal,dosen,ass pak kuliah hari ini tetap sesuai jadwal atau pindah ya,"Pak, mohon izin bertanya, apakah perkuliahan hari ini tetap sesuai jadwal atau ada perubahan, Pak? Terima kasih 🙏"
DSN0571,ruang_kelas,dosen,ass pak kelasnya ruang berapa ya,"Pak, mohon izin bertanya, perkuliahan ini dilaksanakan di ruang berapa ya, Pak? Terima kasih 🙏"
DSN0572,ruang_kelas,dosen,ass pak reguler a masuknya di ruangan mana,"Pak, mohon izin bertanya, Reguler A dilaksanakan di ruangan mana ya, Pak? Terima kasih 🙏"
DSN0573,link_online,dosen,ass pak link zoomnya mana ya,"Pak, mohon izin bertanya, apakah Pak berkenan membagikan tautan Zoom untuk perkuliahan hari ini? Terima kasih 🙏"
DSN0574,link_online,dosen,ass pak gmeet kelas hari ini belum ada,"Pak, mohon izin bertanya, apakah tautan Google Meet untuk kelas hari ini sudah tersedia, Pak? Terima kasih 🙏"
DSN0575,materi,dosen,ass pak materinya bisa diakses dimana,"Pak, mohon izin bertanya, materi perkuliahan ini dapat saya akses di mana ya, Pak? Terima kasih 🙏"
DSN0576,materi,dosen,ass pak file ppt pertemuan kemarin ada ga,"Pak, mohon izin bertanya, apakah file PPT pertemuan kemarin dapat dibagikan, Pak? Terima kasih 🙏"
DSN0577,tugas,dosen,ass pak tugasnya dikumpul dimana ya,"Pak, mohon izin bertanya, tugas tersebut dikumpulkan melalui media apa ya, Pak? Terima kasih 🙏"
DSN0578,deadline,dosen,ass pak deadline tugasnya kapan ya,"Pak, mohon izin bertanya, batas pengumpulan tugas tersebut sampai kapan ya, Pak? Terima kasih 🙏"
DSN0579,tugas_kelompok,dosen,ass pak kelompok saya mau nanya soal pembagian tugas,"Pak, mohon izin, kelompok saya ingin bertanya terkait pembagian tugas pada project ini, Pak. Terima kasih 🙏"
DSN0580,paper_introduction_sitasi,dosen,ass pak judul sama introduction paper dikumpul rabu ya,"Pak, mohon izin mengonfirmasi, apakah judul dan introduction paper dikumpulkan pada hari Rabu, Pak? Terima kasih 🙏"
DSN0581,paper_introduction_sitasi,dosen,ass pak sitasi di introduction minimal berapa artikel,"Pak, mohon izin bertanya, untuk bagian introduction, minimal menggunakan berapa artikel sebagai sitasi ya, Pak? Terima kasih 🙏"
DSN0582,judul_paper,dosen,ass pak judul paper kelompok boleh diganti ga,"Pak, mohon izin bertanya, apakah judul paper kelompok kami masih boleh diganti, Pak? Terima kasih 🙏"
DSN0583,izin_absen,dosen,ass pak saya izin ga masuk karena sakit,"Pak, mohon izin, saya tidak dapat mengikuti perkuliahan hari ini karena sedang sakit. Terima kasih 🙏"
DSN0584,izin_absen,dosen,ass pak saya izin telat masuk kelas,"Pak, mohon izin, kemungkinan saya terlambat mengikuti kelas hari ini. Terima kasih 🙏"
DSN0585,absensi,dosen,ass pak absen saya belum masuk,"Pak, mohon izin, saya ingin mengonfirmasi karena absensi saya belum tercatat, Pak. Terima kasih 🙏"
DSN0586,nilai,dosen,ass pak nilai tugas saya belum muncul,"Pak, mohon izin bertanya, nilai tugas saya belum muncul. Apakah saya boleh mengonfirmasi hal tersebut, Pak? Terima kasih 🙏"
DSN0587,revisi,dosen,ass pak revisi tugas saya sudah benar belum,"Pak, mohon izin bertanya, apakah revisi tugas saya sudah sesuai dengan arahan, Pak? Terima kasih 🙏"
DSN0588,konsultasi,dosen,ass pak saya mau konsultasi kapan bisa,"Pak, mohon izin, apakah saya dapat melakukan konsultasi pada waktu yang Pak tentukan? Terima kasih 🙏"
DSN0589,bimbingan,dosen,ass pak boleh bimbingan minggu ini ga,"Pak, mohon izin bertanya, apakah saya dapat melakukan bimbingan pada minggu ini, Pak? Terima kasih 🙏"
DSN0590,presentasi,dosen,ass pak presentasi kelompok urutannya gimana,"Pak, mohon izin bertanya, bagaimana urutan presentasi kelompok untuk pertemuan berikutnya, Pak? Terima kasih 🙏"
DSN0591,ujian,dosen,ass pak uts materinya dari pertemuan berapa sampai berapa,"Pak, mohon izin bertanya, materi UTS mencakup pertemuan berapa sampai pertemuan berapa ya, Pak? Terima kasih 🙏"
DSN0592,kelas_pengganti,dosen,ass pak kelas pengganti jadi hari apa,"Pak, mohon izin bertanya, kelas pengganti akan dilaksanakan pada hari apa ya, Pak? Terima kasih 🙏"
DSN0593,konfirmasi_instruksi,dosen,ass pak apakah instruksi tugasnya seperti yang di grup ya,"Pak, mohon izin mengonfirmasi, apakah instruksi tugasnya sesuai dengan informasi yang dibagikan di grup, Pak? Terima kasih 🙏"
DSN0594,jadwal_kelas,dosen,ass pak reguler b hari ini mulai jam berapa ya,"Pak, mohon izin bertanya, Reguler B hari ini dimulai pukul berapa ya, Pak? Terima kasih 🙏"
DSN0595,perubahan_jadwal,dosen,ass pak reguler b hari ini ada perubahan jadwal ga,"Pak, mohon izin bertanya, apakah ada perubahan jadwal untuk Reguler B hari ini, Pak? Terima kasih 🙏"
DSN0596,ruang_kelas,dosen,ass pak reguler b masuknya di ruangan mana,"Pak, mohon izin bertanya, Reguler B dilaksanakan di ruangan mana ya, Pak? Terima kasih 🙏"
DSN0597,jadwal_kelas,dosen,ass pak kelas pagi hari ini mulai jam berapa ya,"Pak, mohon izin bertanya, Kelas Pagi hari ini dimulai pukul berapa ya, Pak? Terima kasih 🙏"
DSN0598,perubahan_jadwal,dosen,ass pak kelas pagi hari ini ada perubahan jadwal ga,"Pak, mohon izin bertanya, apakah ada perubahan jadwal untuk Kelas Pagi hari ini, Pak? Terima kasih 🙏"
DSN0599,ruang_kelas,dosen,ass pak kelas pagi masuknya di ruangan mana,"Pak, mohon izin bertanya, Kelas Pagi dilaksanakan di ruangan mana ya, Pak? Terima kasih 🙏"
DSN0600,jadwal_kelas,dosen,ass pak kelas sore hari ini mulai jam berapa ya,"Pak, mohon izin bertanya, Kelas Sore hari ini dimulai pukul berapa ya, Pak? Terima kasih 🙏"
DSN0601,perubahan_jadwal,dosen,ass pak kelas sore hari ini ada perubahan jadwal ga,"Pak, mohon izin bertanya, apakah ada perubahan jadwal untuk Kelas Sore hari ini, Pak? Terima kasih 🙏"
DSN0602,ruang_kelas,dosen,ass pak kelas sore masuknya di ruangan mana,"Pak, mohon izin bertanya, Kelas Sore dilaksanakan di ruangan mana ya, Pak? Terima kasih 🙏"
DSN0603,jadwal_kelas,dosen,ass pak kelas bisnis digital hari ini mulai jam berapa ya,"Pak, mohon izin bertanya, Kelas Bisnis Digital hari ini dimulai pukul berapa ya, Pak? Terima kasih 🙏"
DSN0604,perubahan_jadwal,dosen,ass pak kelas bisnis digital hari ini ada perubahan jadwal ga,"Pak, mohon izin bertanya, apakah ada perubahan jadwal untuk Kelas Bisnis Digital hari ini, Pak? Terima kasih 🙏"
DSN0605,ruang_kelas,dosen,ass pak kelas bisnis digital masuknya di ruangan mana,"Pak, mohon izin bertanya, Kelas Bisnis Digital dilaksanakan di ruangan mana ya, Pak? Terima kasih 🙏"
DSN0606,jadwal_kelas,dosen,ass pak kelas ai hari ini mulai jam berapa ya,"Pak, mohon izin bertanya, Kelas Ai hari ini dimulai pukul berapa ya, Pak? Terima kasih 🙏"
DSN0607,perubahan_jadwal,dosen,ass pak kelas ai hari ini ada perubahan jadwal ga,"Pak, mohon izin bertanya, apakah ada perubahan jadwal untuk Kelas Ai hari ini, Pak? Terima kasih 🙏"
DSN0608,ruang_kelas,dosen,ass pak kelas ai masuknya di ruangan mana,"Pak, mohon izin bertanya, Kelas Ai dilaksanakan di ruangan mana ya, Pak? Terima kasih 🙏"
DSN0609,jadwal_kelas,dosen,ass pak kelas hari ini hari ini mulai jam berapa ya,"Pak, mohon izin bertanya, Kelas Hari Ini hari ini dimulai pukul berapa ya, Pak? Terima kasih 🙏"
DSN0610,perubahan_jadwal,dosen,ass pak kelas hari ini hari ini ada perubahan jadwal ga,"Pak, mohon izin bertanya, apakah ada perubahan jadwal untuk Kelas Hari Ini hari ini, Pak? Terima kasih 🙏"
DSN0611,ruang_kelas,dosen,ass pak kelas hari ini masuknya di ruangan mana,"Pak, mohon izin bertanya, Kelas Hari Ini dilaksanakan di ruangan mana ya, Pak? Terima kasih 🙏"
DSN0612,jadwal_kelas,dosen,ass bu besok ada kelas ga,"Bu, mohon izin bertanya, apakah besok ada perkuliahan, Bu? Terima kasih 🙏"
DSN0613,jadwal_kelas,dosen,ass bu kelas hari ini jadi masuk ga,"Bu, mohon izin bertanya, apakah kelas hari ini tetap dilaksanakan, Bu? Terima kasih 🙏"
DSN0614,jadwal_kelas,dosen,ass bu reguler a hari ini mulai jam berapa ya,"Bu, mohon izin bertanya, Reguler A hari ini dimulai pukul berapa ya, Bu? Terima kasih 🙏"
DSN0615,perubahan_jadwal,dosen,ass bu reguler a hari ini ada perubahan jadwal ga,"Bu, mohon izin bertanya, apakah ada perubahan jadwal untuk Reguler A hari ini, Bu? Terima kasih 🙏"
DSN0616,perubahan_jadwal,dosen,ass bu kuliah hari ini tetap sesuai jadwal atau pindah ya,"Bu, mohon izin bertanya, apakah perkuliahan hari ini tetap sesuai jadwal atau ada perubahan, Bu? Terima kasih 🙏"
DSN0617,ruang_kelas,dosen,ass bu kelasnya ruang berapa ya,"Bu, mohon izin bertanya, perkuliahan ini dilaksanakan di ruang berapa ya, Bu? Terima kasih 🙏"
DSN0618,ruang_kelas,dosen,ass bu reguler a masuknya di ruangan mana,"Bu, mohon izin bertanya, Reguler A dilaksanakan di ruangan mana ya, Bu? Terima kasih 🙏"
DSN0619,link_online,dosen,ass bu link zoomnya mana ya,"Bu, mohon izin bertanya, apakah Bu berkenan membagikan tautan Zoom untuk perkuliahan hari ini? Terima kasih 🙏"
DSN0620,link_online,dosen,ass bu gmeet kelas hari ini belum ada,"Bu, mohon izin bertanya, apakah tautan Google Meet untuk kelas hari ini sudah tersedia, Bu? Terima kasih 🙏"
DSN0621,materi,dosen,ass bu materinya bisa diakses dimana,"Bu, mohon izin bertanya, materi perkuliahan ini dapat saya akses di mana ya, Bu? Terima kasih 🙏"
DSN0622,materi,dosen,ass bu file ppt pertemuan kemarin ada ga,"Bu, mohon izin bertanya, apakah file PPT pertemuan kemarin dapat dibagikan, Bu? Terima kasih 🙏"
DSN0623,tugas,dosen,ass bu tugasnya dikumpul dimana ya,"Bu, mohon izin bertanya, tugas tersebut dikumpulkan melalui media apa ya, Bu? Terima kasih 🙏"
DSN0624,deadline,dosen,ass bu deadline tugasnya kapan ya,"Bu, mohon izin bertanya, batas pengumpulan tugas tersebut sampai kapan ya, Bu? Terima kasih 🙏"
DSN0625,tugas_kelompok,dosen,ass bu kelompok saya mau nanya soal pembagian tugas,"Bu, mohon izin, kelompok saya ingin bertanya terkait pembagian tugas pada project ini, Bu. Terima kasih 🙏"
DSN0626,paper_introduction_sitasi,dosen,ass bu judul sama introduction paper dikumpul rabu ya,"Bu, mohon izin mengonfirmasi, apakah judul dan introduction paper dikumpulkan pada hari Rabu, Bu? Terima kasih 🙏"
DSN0627,paper_introduction_sitasi,dosen,ass bu sitasi di introduction minimal berapa artikel,"Bu, mohon izin bertanya, untuk bagian introduction, minimal menggunakan berapa artikel sebagai sitasi ya, Bu? Terima kasih 🙏"
DSN0628,judul_paper,dosen,ass bu judul paper kelompok boleh diganti ga,"Bu, mohon izin bertanya, apakah judul paper kelompok kami masih boleh diganti, Bu? Terima kasih 🙏"
DSN0629,izin_absen,dosen,ass bu saya izin ga masuk karena sakit,"Bu, mohon izin, saya tidak dapat mengikuti perkuliahan hari ini karena sedang sakit. Terima kasih 🙏"
DSN0630,izin_absen,dosen,ass bu saya izin telat masuk kelas,"Bu, mohon izin, kemungkinan saya terlambat mengikuti kelas hari ini. Terima kasih 🙏"
DSN0631,absensi,dosen,ass bu absen saya belum masuk,"Bu, mohon izin, saya ingin mengonfirmasi karena absensi saya belum tercatat, Bu. Terima kasih 🙏"
DSN0632,nilai,dosen,ass bu nilai tugas saya belum muncul,"Bu, mohon izin bertanya, nilai tugas saya belum muncul. Apakah saya boleh mengonfirmasi hal tersebut, Bu? Terima kasih 🙏"
DSN0633,revisi,dosen,ass bu revisi tugas saya sudah benar belum,"Bu, mohon izin bertanya, apakah revisi tugas saya sudah sesuai dengan arahan, Bu? Terima kasih 🙏"
DSN0634,konsultasi,dosen,ass bu saya mau konsultasi kapan bisa,"Bu, mohon izin, apakah saya dapat melakukan konsultasi pada waktu yang Bu tentukan? Terima kasih 🙏"
DSN0635,bimbingan,dosen,ass bu boleh bimbingan minggu ini ga,"Bu, mohon izin bertanya, apakah saya dapat melakukan bimbingan pada minggu ini, Bu? Terima kasih 🙏"
DSN0636,presentasi,dosen,ass bu presentasi kelompok urutannya gimana,"Bu, mohon izin bertanya, bagaimana urutan presentasi kelompok untuk pertemuan berikutnya, Bu? Terima kasih 🙏"
DSN0637,ujian,dosen,ass bu uts materinya dari pertemuan berapa sampai berapa,"Bu, mohon izin bertanya, materi UTS mencakup pertemuan berapa sampai pertemuan berapa ya, Bu? Terima kasih 🙏"
DSN0638,kelas_pengganti,dosen,ass bu kelas pengganti jadi hari apa,"Bu, mohon izin bertanya, kelas pengganti akan dilaksanakan pada hari apa ya, Bu? Terima kasih 🙏"
DSN0639,konfirmasi_instruksi,dosen,ass bu apakah instruksi tugasnya seperti yang di grup ya,"Bu, mohon izin mengonfirmasi, apakah instruksi tugasnya sesuai dengan informasi yang dibagikan di grup, Bu? Terima kasih 🙏"
DSN0640,jadwal_kelas,dosen,ass bu reguler b hari ini mulai jam berapa ya,"Bu, mohon izin bertanya, Reguler B hari ini dimulai pukul berapa ya, Bu? Terima kasih 🙏"
DSN0641,perubahan_jadwal,dosen,ass bu reguler b hari ini ada perubahan jadwal ga,"Bu, mohon izin bertanya, apakah ada perubahan jadwal untuk Reguler B hari ini, Bu? Terima kasih 🙏"
DSN0642,ruang_kelas,dosen,ass bu reguler b masuknya di ruangan mana,"Bu, mohon izin bertanya, Reguler B dilaksanakan di ruangan mana ya, Bu? Terima kasih 🙏"
DSN0643,jadwal_kelas,dosen,ass bu kelas pagi hari ini mulai jam berapa ya,"Bu, mohon izin bertanya, Kelas Pagi hari ini dimulai pukul berapa ya, Bu? Terima kasih 🙏"
DSN0644,perubahan_jadwal,dosen,ass bu kelas pagi hari ini ada perubahan jadwal ga,"Bu, mohon izin bertanya, apakah ada perubahan jadwal untuk Kelas Pagi hari ini, Bu? Terima kasih 🙏"
DSN0645,ruang_kelas,dosen,ass bu kelas pagi masuknya di ruangan mana,"Bu, mohon izin bertanya, Kelas Pagi dilaksanakan di ruangan mana ya, Bu? Terima kasih 🙏"
DSN0646,jadwal_kelas,dosen,ass bu kelas sore hari ini mulai jam berapa ya,"Bu, mohon izin bertanya, Kelas Sore hari ini dimulai pukul berapa ya, Bu? Terima kasih 🙏"
DSN0647,perubahan_jadwal,dosen,ass bu kelas sore hari ini ada perubahan jadwal ga,"Bu, mohon izin bertanya, apakah ada perubahan jadwal untuk Kelas Sore hari ini, Bu? Terima kasih 🙏"
DSN0648,ruang_kelas,dosen,ass bu kelas sore masuknya di ruangan mana,"Bu, mohon izin bertanya, Kelas Sore dilaksanakan di ruangan mana ya, Bu? Terima kasih 🙏"
DSN0649,jadwal_kelas,dosen,ass bu kelas bisnis digital hari ini mulai jam berapa ya,"Bu, mohon izin bertanya, Kelas Bisnis Digital hari ini dimulai pukul berapa ya, Bu? Terima kasih 🙏"
DSN0650,perubahan_jadwal,dosen,ass bu kelas bisnis digital hari ini ada perubahan jadwal ga,"Bu, mohon izin bertanya, apakah ada perubahan jadwal untuk Kelas Bisnis Digital hari ini, Bu? Terima kasih 🙏"
ADM0001,daftar_ulang,admin_kampus,min berkas daftar ulang apa aja,"Halo, mohon izin bertanya, berkas apa saja yang perlu disiapkan untuk daftar ulang?"
ADM0002,daftar_ulang,admin_kampus,min berkas daftar ulang apa aja ya,"Halo, mohon izin bertanya, berkas apa saja yang perlu disiapkan untuk daftar ulang?"
ADM0003,daftar_ulang,admin_kampus,min berkas daftar ulang apa aja dong,"Halo, mohon izin bertanya, berkas apa saja yang perlu disiapkan untuk daftar ulang?"
ADM0004,daftar_ulang,admin_kampus,min berkas daftar ulang apa aja mohon info,"Halo, mohon izin bertanya, berkas apa saja yang perlu disiapkan untuk daftar ulang?"
ADM0005,daftar_ulang,admin_kampus,min berkas daftar ulang apa aja kalau boleh tahu,"Halo, mohon izin bertanya, berkas apa saja yang perlu disiapkan untuk daftar ulang?"
ADM0006,daftar_ulang,admin_kampus,min berkas daftar ulang apa aja untuk mahasiswa semester ini,"Halo, mohon izin bertanya, berkas apa saja yang perlu disiapkan untuk daftar ulang?"
ADM0007,daftar_ulang,admin_kampus,admin berkas daftar ulang apa aja,"Halo, mohon izin bertanya, berkas apa saja yang perlu disiapkan untuk daftar ulang?"
ADM0008,daftar_ulang,admin_kampus,admin berkas daftar ulang apa aja ya,"Halo, mohon izin bertanya, berkas apa saja yang perlu disiapkan untuk daftar ulang?"
ADM0009,daftar_ulang,admin_kampus,admin berkas daftar ulang apa aja dong,"Halo, mohon izin bertanya, berkas apa saja yang perlu disiapkan untuk daftar ulang?"
ADM0010,daftar_ulang,admin_kampus,admin berkas daftar ulang apa aja mohon info,"Halo, mohon izin bertanya, berkas apa saja yang perlu disiapkan untuk daftar ulang?"
ADM0011,daftar_ulang,admin_kampus,admin berkas daftar ulang apa aja kalau boleh tahu,"Halo, mohon izin bertanya, berkas apa saja yang perlu disiapkan untuk daftar ulang?"
ADM0012,daftar_ulang,admin_kampus,admin berkas daftar ulang apa aja untuk mahasiswa semester ini,"Halo, mohon izin bertanya, berkas apa saja yang perlu disiapkan untuk daftar ulang?"
ADM0013,daftar_ulang,admin_kampus,halo min berkas daftar ulang apa aja,"Halo, mohon izin bertanya, berkas apa saja yang perlu disiapkan untuk daftar ulang?"
ADM0014,daftar_ulang,admin_kampus,halo min berkas daftar ulang apa aja ya,"Halo, mohon izin bertanya, berkas apa saja yang perlu disiapkan untuk daftar ulang?"
ADM0015,daftar_ulang,admin_kampus,halo min berkas daftar ulang apa aja dong,"Halo, mohon izin bertanya, berkas apa saja yang perlu disiapkan untuk daftar ulang?"
ADM0016,daftar_ulang,admin_kampus,halo min berkas daftar ulang apa aja mohon info,"Halo, mohon izin bertanya, berkas apa saja yang perlu disiapkan untuk daftar ulang?"
ADM0017,daftar_ulang,admin_kampus,halo min berkas daftar ulang apa aja kalau boleh tahu,"Halo, mohon izin bertanya, berkas apa saja yang perlu disiapkan untuk daftar ulang?"
ADM0018,daftar_ulang,admin_kampus,halo min berkas daftar ulang apa aja untuk mahasiswa semester ini,"Halo, mohon izin bertanya, berkas apa saja yang perlu disiapkan untuk daftar ulang?"
ADM0019,daftar_ulang,admin_kampus,selamat pagi admin berkas daftar ulang apa aja,"Halo, mohon izin bertanya, berkas apa saja yang perlu disiapkan untuk daftar ulang?"
ADM0020,daftar_ulang,admin_kampus,selamat pagi admin berkas daftar ulang apa aja ya,"Halo, mohon izin bertanya, berkas apa saja yang perlu disiapkan untuk daftar ulang?"
ADM0021,daftar_ulang,admin_kampus,selamat pagi admin berkas daftar ulang apa aja dong,"Halo, mohon izin bertanya, berkas apa saja yang perlu disiapkan untuk daftar ulang?"
ADM0022,daftar_ulang,admin_kampus,selamat pagi admin berkas daftar ulang apa aja mohon info,"Halo, mohon izin bertanya, berkas apa saja yang perlu disiapkan untuk daftar ulang?"
ADM0023,daftar_ulang,admin_kampus,selamat pagi admin berkas daftar ulang apa aja kalau boleh tahu,"Halo, mohon izin bertanya, berkas apa saja yang perlu disiapkan untuk daftar ulang?"
ADM0024,daftar_ulang,admin_kampus,selamat pagi admin berkas daftar ulang apa aja untuk mahasiswa semester ini,"Halo, mohon izin bertanya, berkas apa saja yang perlu disiapkan untuk daftar ulang?"
ADM0025,daftar_ulang,admin_kampus,permisi admin berkas daftar ulang apa aja,"Halo, mohon izin bertanya, berkas apa saja yang perlu disiapkan untuk daftar ulang?"
ADM0026,daftar_ulang,admin_kampus,permisi admin berkas daftar ulang apa aja ya,"Halo, mohon izin bertanya, berkas apa saja yang perlu disiapkan untuk daftar ulang?"
ADM0027,daftar_ulang,admin_kampus,permisi admin berkas daftar ulang apa aja dong,"Halo, mohon izin bertanya, berkas apa saja yang perlu disiapkan untuk daftar ulang?"
ADM0028,daftar_ulang,admin_kampus,permisi admin berkas daftar ulang apa aja mohon info,"Halo, mohon izin bertanya, berkas apa saja yang perlu disiapkan untuk daftar ulang?"
ADM0029,daftar_ulang,admin_kampus,permisi admin berkas daftar ulang apa aja kalau boleh tahu,"Halo, mohon izin bertanya, berkas apa saja yang perlu disiapkan untuk daftar ulang?"
ADM0030,daftar_ulang,admin_kampus,permisi admin berkas daftar ulang apa aja untuk mahasiswa semester ini,"Halo, mohon izin bertanya, berkas apa saja yang perlu disiapkan untuk daftar ulang?"
ADM0031,daftar_ulang,admin_kampus,assalamualaikum admin berkas daftar ulang apa aja,"Halo, mohon izin bertanya, berkas apa saja yang perlu disiapkan untuk daftar ulang?"
ADM0032,daftar_ulang,admin_kampus,assalamualaikum admin berkas daftar ulang apa aja ya,"Halo, mohon izin bertanya, berkas apa saja yang perlu disiapkan untuk daftar ulang?"
ADM0033,daftar_ulang,admin_kampus,assalamualaikum admin berkas daftar ulang apa aja dong,"Halo, mohon izin bertanya, berkas apa saja yang perlu disiapkan untuk daftar ulang?"
ADM0034,daftar_ulang,admin_kampus,assalamualaikum admin berkas daftar ulang apa aja mohon info,"Halo, mohon izin bertanya, berkas apa saja yang perlu disiapkan untuk daftar ulang?"
ADM0035,daftar_ulang,admin_kampus,assalamualaikum admin berkas daftar ulang apa aja kalau boleh tahu,"Halo, mohon izin bertanya, berkas apa saja yang perlu disiapkan untuk daftar ulang?"
ADM0036,daftar_ulang,admin_kampus,assalamualaikum admin berkas daftar ulang apa aja untuk mahasiswa semester ini,"Halo, mohon izin bertanya, berkas apa saja yang perlu disiapkan untuk daftar ulang?"
ADM0037,daftar_ulang,admin_kampus,min jadwal daftar ulang sampai kapan,"Halo, mohon izin bertanya, jadwal daftar ulang berlangsung sampai kapan ya?"
ADM0038,daftar_ulang,admin_kampus,min jadwal daftar ulang sampai kapan ya,"Halo, mohon izin bertanya, jadwal daftar ulang berlangsung sampai kapan ya?"
ADM0039,daftar_ulang,admin_kampus,min jadwal daftar ulang sampai kapan dong,"Halo, mohon izin bertanya, jadwal daftar ulang berlangsung sampai kapan ya?"
ADM0040,daftar_ulang,admin_kampus,min jadwal daftar ulang sampai kapan mohon info,"Halo, mohon izin bertanya, jadwal daftar ulang berlangsung sampai kapan ya?"
ADM0041,daftar_ulang,admin_kampus,min jadwal daftar ulang sampai kapan kalau boleh tahu,"Halo, mohon izin bertanya, jadwal daftar ulang berlangsung sampai kapan ya?"
ADM0042,daftar_ulang,admin_kampus,min jadwal daftar ulang sampai kapan untuk mahasiswa semester ini,"Halo, mohon izin bertanya, jadwal daftar ulang berlangsung sampai kapan ya?"
ADM0043,daftar_ulang,admin_kampus,admin jadwal daftar ulang sampai kapan,"Halo, mohon izin bertanya, jadwal daftar ulang berlangsung sampai kapan ya?"
ADM0044,daftar_ulang,admin_kampus,admin jadwal daftar ulang sampai kapan ya,"Halo, mohon izin bertanya, jadwal daftar ulang berlangsung sampai kapan ya?"
ADM0045,daftar_ulang,admin_kampus,admin jadwal daftar ulang sampai kapan dong,"Halo, mohon izin bertanya, jadwal daftar ulang berlangsung sampai kapan ya?"
ADM0046,daftar_ulang,admin_kampus,admin jadwal daftar ulang sampai kapan mohon info,"Halo, mohon izin bertanya, jadwal daftar ulang berlangsung sampai kapan ya?"
ADM0047,daftar_ulang,admin_kampus,admin jadwal daftar ulang sampai kapan kalau boleh tahu,"Halo, mohon izin bertanya, jadwal daftar ulang berlangsung sampai kapan ya?"
ADM0048,daftar_ulang,admin_kampus,admin jadwal daftar ulang sampai kapan untuk mahasiswa semester ini,"Halo, mohon izin bertanya, jadwal daftar ulang berlangsung sampai kapan ya?"
ADM0049,daftar_ulang,admin_kampus,halo min jadwal daftar ulang sampai kapan,"Halo, mohon izin bertanya, jadwal daftar ulang berlangsung sampai kapan ya?"
ADM0050,daftar_ulang,admin_kampus,halo min jadwal daftar ulang sampai kapan ya,"Halo, mohon izin bertanya, jadwal daftar ulang berlangsung sampai kapan ya?"
ADM0051,daftar_ulang,admin_kampus,halo min jadwal daftar ulang sampai kapan dong,"Halo, mohon izin bertanya, jadwal daftar ulang berlangsung sampai kapan ya?"
ADM0052,daftar_ulang,admin_kampus,halo min jadwal daftar ulang sampai kapan mohon info,"Halo, mohon izin bertanya, jadwal daftar ulang berlangsung sampai kapan ya?"
ADM0053,daftar_ulang,admin_kampus,halo min jadwal daftar ulang sampai kapan kalau boleh tahu,"Halo, mohon izin bertanya, jadwal daftar ulang berlangsung sampai kapan ya?"
ADM0054,daftar_ulang,admin_kampus,halo min jadwal daftar ulang sampai kapan untuk mahasiswa semester ini,"Halo, mohon izin bertanya, jadwal daftar ulang berlangsung sampai kapan ya?"
ADM0055,daftar_ulang,admin_kampus,selamat pagi admin jadwal daftar ulang sampai kapan,"Halo, mohon izin bertanya, jadwal daftar ulang berlangsung sampai kapan ya?"
ADM0056,daftar_ulang,admin_kampus,selamat pagi admin jadwal daftar ulang sampai kapan ya,"Halo, mohon izin bertanya, jadwal daftar ulang berlangsung sampai kapan ya?"
ADM0057,daftar_ulang,admin_kampus,selamat pagi admin jadwal daftar ulang sampai kapan dong,"Halo, mohon izin bertanya, jadwal daftar ulang berlangsung sampai kapan ya?"
ADM0058,daftar_ulang,admin_kampus,selamat pagi admin jadwal daftar ulang sampai kapan mohon info,"Halo, mohon izin bertanya, jadwal daftar ulang berlangsung sampai kapan ya?"
ADM0059,daftar_ulang,admin_kampus,selamat pagi admin jadwal daftar ulang sampai kapan kalau boleh tahu,"Halo, mohon izin bertanya, jadwal daftar ulang berlangsung sampai kapan ya?"
ADM0060,daftar_ulang,admin_kampus,selamat pagi admin jadwal daftar ulang sampai kapan untuk mahasiswa semester ini,"Halo, mohon izin bertanya, jadwal daftar ulang berlangsung sampai kapan ya?"
ADM0061,daftar_ulang,admin_kampus,permisi admin jadwal daftar ulang sampai kapan,"Halo, mohon izin bertanya, jadwal daftar ulang berlangsung sampai kapan ya?"
ADM0062,daftar_ulang,admin_kampus,permisi admin jadwal daftar ulang sampai kapan ya,"Halo, mohon izin bertanya, jadwal daftar ulang berlangsung sampai kapan ya?"
ADM0063,daftar_ulang,admin_kampus,permisi admin jadwal daftar ulang sampai kapan dong,"Halo, mohon izin bertanya, jadwal daftar ulang berlangsung sampai kapan ya?"
ADM0064,daftar_ulang,admin_kampus,permisi admin jadwal daftar ulang sampai kapan mohon info,"Halo, mohon izin bertanya, jadwal daftar ulang berlangsung sampai kapan ya?"
ADM0065,daftar_ulang,admin_kampus,permisi admin jadwal daftar ulang sampai kapan kalau boleh tahu,"Halo, mohon izin bertanya, jadwal daftar ulang berlangsung sampai kapan ya?"
ADM0066,daftar_ulang,admin_kampus,permisi admin jadwal daftar ulang sampai kapan untuk mahasiswa semester ini,"Halo, mohon izin bertanya, jadwal daftar ulang berlangsung sampai kapan ya?"
ADM0067,daftar_ulang,admin_kampus,assalamualaikum admin jadwal daftar ulang sampai kapan,"Halo, mohon izin bertanya, jadwal daftar ulang berlangsung sampai kapan ya?"
ADM0068,daftar_ulang,admin_kampus,assalamualaikum admin jadwal daftar ulang sampai kapan ya,"Halo, mohon izin bertanya, jadwal daftar ulang berlangsung sampai kapan ya?"
ADM0069,daftar_ulang,admin_kampus,assalamualaikum admin jadwal daftar ulang sampai kapan dong,"Halo, mohon izin bertanya, jadwal daftar ulang berlangsung sampai kapan ya?"
ADM0070,daftar_ulang,admin_kampus,assalamualaikum admin jadwal daftar ulang sampai kapan mohon info,"Halo, mohon izin bertanya, jadwal daftar ulang berlangsung sampai kapan ya?"
ADM0071,daftar_ulang,admin_kampus,assalamualaikum admin jadwal daftar ulang sampai kapan kalau boleh tahu,"Halo, mohon izin bertanya, jadwal daftar ulang berlangsung sampai kapan ya?"
ADM0072,daftar_ulang,admin_kampus,assalamualaikum admin jadwal daftar ulang sampai kapan untuk mahasiswa semester ini,"Halo, mohon izin bertanya, jadwal daftar ulang berlangsung sampai kapan ya?"
ADM0073,daftar_ulang,admin_kampus,min link daftar ulang yang benar mana,"Halo, mohon izin bertanya, tautan yang benar untuk daftar ulang yang mana ya?"
ADM0074,daftar_ulang,admin_kampus,min link daftar ulang yang benar mana ya,"Halo, mohon izin bertanya, tautan yang benar untuk daftar ulang yang mana ya?"
ADM0075,daftar_ulang,admin_kampus,min link daftar ulang yang benar mana dong,"Halo, mohon izin bertanya, tautan yang benar untuk daftar ulang yang mana ya?"
ADM0076,daftar_ulang,admin_kampus,min link daftar ulang yang benar mana mohon info,"Halo, mohon izin bertanya, tautan yang benar untuk daftar ulang yang mana ya?"
ADM0077,daftar_ulang,admin_kampus,min link daftar ulang yang benar mana kalau boleh tahu,"Halo, mohon izin bertanya, tautan yang benar untuk daftar ulang yang mana ya?"
ADM0078,daftar_ulang,admin_kampus,min link daftar ulang yang benar mana untuk mahasiswa semester ini,"Halo, mohon izin bertanya, tautan yang benar untuk daftar ulang yang mana ya?"
ADM0079,daftar_ulang,admin_kampus,admin link daftar ulang yang benar mana,"Halo, mohon izin bertanya, tautan yang benar untuk daftar ulang yang mana ya?"
ADM0080,daftar_ulang,admin_kampus,admin link daftar ulang yang benar mana ya,"Halo, mohon izin bertanya, tautan yang benar untuk daftar ulang yang mana ya?"
ADM0081,daftar_ulang,admin_kampus,admin link daftar ulang yang benar mana dong,"Halo, mohon izin bertanya, tautan yang benar untuk daftar ulang yang mana ya?"
ADM0082,daftar_ulang,admin_kampus,admin link daftar ulang yang benar mana mohon info,"Halo, mohon izin bertanya, tautan yang benar untuk daftar ulang yang mana ya?"
ADM0083,daftar_ulang,admin_kampus,admin link daftar ulang yang benar mana kalau boleh tahu,"Halo, mohon izin bertanya, tautan yang benar untuk daftar ulang yang mana ya?"
ADM0084,daftar_ulang,admin_kampus,admin link daftar ulang yang benar mana untuk mahasiswa semester ini,"Halo, mohon izin bertanya, tautan yang benar untuk daftar ulang yang mana ya?"
ADM0085,daftar_ulang,admin_kampus,halo min link daftar ulang yang benar mana,"Halo, mohon izin bertanya, tautan yang benar untuk daftar ulang yang mana ya?"
ADM0086,daftar_ulang,admin_kampus,halo min link daftar ulang yang benar mana ya,"Halo, mohon izin bertanya, tautan yang benar untuk daftar ulang yang mana ya?"
ADM0087,daftar_ulang,admin_kampus,halo min link daftar ulang yang benar mana dong,"Halo, mohon izin bertanya, tautan yang benar untuk daftar ulang yang mana ya?"
ADM0088,daftar_ulang,admin_kampus,halo min link daftar ulang yang benar mana mohon info,"Halo, mohon izin bertanya, tautan yang benar untuk daftar ulang yang mana ya?"
ADM0089,daftar_ulang,admin_kampus,halo min link daftar ulang yang benar mana kalau boleh tahu,"Halo, mohon izin bertanya, tautan yang benar untuk daftar ulang yang mana ya?"
ADM0090,daftar_ulang,admin_kampus,halo min link daftar ulang yang benar mana untuk mahasiswa semester ini,"Halo, mohon izin bertanya, tautan yang benar untuk daftar ulang yang mana ya?"
ADM0091,daftar_ulang,admin_kampus,selamat pagi admin link daftar ulang yang benar mana,"Halo, mohon izin bertanya, tautan yang benar untuk daftar ulang yang mana ya?"
ADM0092,daftar_ulang,admin_kampus,selamat pagi admin link daftar ulang yang benar mana ya,"Halo, mohon izin bertanya, tautan yang benar untuk daftar ulang yang mana ya?"
ADM0093,daftar_ulang,admin_kampus,selamat pagi admin link daftar ulang yang benar mana dong,"Halo, mohon izin bertanya, tautan yang benar untuk daftar ulang yang mana ya?"
ADM0094,daftar_ulang,admin_kampus,selamat pagi admin link daftar ulang yang benar mana mohon info,"Halo, mohon izin bertanya, tautan yang benar untuk daftar ulang yang mana ya?"
ADM0095,daftar_ulang,admin_kampus,selamat pagi admin link daftar ulang yang benar mana kalau boleh tahu,"Halo, mohon izin bertanya, tautan yang benar untuk daftar ulang yang mana ya?"
ADM0096,daftar_ulang,admin_kampus,selamat pagi admin link daftar ulang yang benar mana untuk mahasiswa semester ini,"Halo, mohon izin bertanya, tautan yang benar untuk daftar ulang yang mana ya?"
ADM0097,daftar_ulang,admin_kampus,permisi admin link daftar ulang yang benar mana,"Halo, mohon izin bertanya, tautan yang benar untuk daftar ulang yang mana ya?"
ADM0098,daftar_ulang,admin_kampus,permisi admin link daftar ulang yang benar mana ya,"Halo, mohon izin bertanya, tautan yang benar untuk daftar ulang yang mana ya?"
ADM0099,daftar_ulang,admin_kampus,permisi admin link daftar ulang yang benar mana dong,"Halo, mohon izin bertanya, tautan yang benar untuk daftar ulang yang mana ya?"
ADM0100,daftar_ulang,admin_kampus,permisi admin link daftar ulang yang benar mana mohon info,"Halo, mohon izin bertanya, tautan yang benar untuk daftar ulang yang mana ya?"
ADM0101,daftar_ulang,admin_kampus,permisi admin link daftar ulang yang benar mana kalau boleh tahu,"Halo, mohon izin bertanya, tautan yang benar untuk daftar ulang yang mana ya?"
ADM0102,daftar_ulang,admin_kampus,permisi admin link daftar ulang yang benar mana untuk mahasiswa semester ini,"Halo, mohon izin bertanya, tautan yang benar untuk daftar ulang yang mana ya?"
ADM0103,daftar_ulang,admin_kampus,assalamualaikum admin link daftar ulang yang benar mana,"Halo, mohon izin bertanya, tautan yang benar untuk daftar ulang yang mana ya?"
ADM0104,daftar_ulang,admin_kampus,assalamualaikum admin link daftar ulang yang benar mana ya,"Halo, mohon izin bertanya, tautan yang benar untuk daftar ulang yang mana ya?"
ADM0105,daftar_ulang,admin_kampus,assalamualaikum admin link daftar ulang yang benar mana dong,"Halo, mohon izin bertanya, tautan yang benar untuk daftar ulang yang mana ya?"
ADM0106,daftar_ulang,admin_kampus,assalamualaikum admin link daftar ulang yang benar mana mohon info,"Halo, mohon izin bertanya, tautan yang benar untuk daftar ulang yang mana ya?"
ADM0107,daftar_ulang,admin_kampus,assalamualaikum admin link daftar ulang yang benar mana kalau boleh tahu,"Halo, mohon izin bertanya, tautan yang benar untuk daftar ulang yang mana ya?"
ADM0108,daftar_ulang,admin_kampus,assalamualaikum admin link daftar ulang yang benar mana untuk mahasiswa semester ini,"Halo, mohon izin bertanya, tautan yang benar untuk daftar ulang yang mana ya?"
ADM0109,krs,admin_kampus,min krs bisa diisi mulai kapan,"Halo, mohon izin bertanya, pengisian KRS dapat dilakukan mulai kapan ya?"
ADM0110,krs,admin_kampus,min krs bisa diisi mulai kapan ya,"Halo, mohon izin bertanya, pengisian KRS dapat dilakukan mulai kapan ya?"
ADM0111,krs,admin_kampus,min krs bisa diisi mulai kapan dong,"Halo, mohon izin bertanya, pengisian KRS dapat dilakukan mulai kapan ya?"
ADM0112,krs,admin_kampus,min krs bisa diisi mulai kapan mohon info,"Halo, mohon izin bertanya, pengisian KRS dapat dilakukan mulai kapan ya?"
ADM0113,krs,admin_kampus,min krs bisa diisi mulai kapan kalau boleh tahu,"Halo, mohon izin bertanya, pengisian KRS dapat dilakukan mulai kapan ya?"
ADM0114,krs,admin_kampus,min krs bisa diisi mulai kapan untuk mahasiswa semester ini,"Halo, mohon izin bertanya, pengisian KRS dapat dilakukan mulai kapan ya?"
ADM0115,krs,admin_kampus,admin krs bisa diisi mulai kapan,"Halo, mohon izin bertanya, pengisian KRS dapat dilakukan mulai kapan ya?"
ADM0116,krs,admin_kampus,admin krs bisa diisi mulai kapan ya,"Halo, mohon izin bertanya, pengisian KRS dapat dilakukan mulai kapan ya?"
ADM0117,krs,admin_kampus,admin krs bisa diisi mulai kapan dong,"Halo, mohon izin bertanya, pengisian KRS dapat dilakukan mulai kapan ya?"
ADM0118,krs,admin_kampus,admin krs bisa diisi mulai kapan mohon info,"Halo, mohon izin bertanya, pengisian KRS dapat dilakukan mulai kapan ya?"
ADM0119,krs,admin_kampus,admin krs bisa diisi mulai kapan kalau boleh tahu,"Halo, mohon izin bertanya, pengisian KRS dapat dilakukan mulai kapan ya?"
ADM0120,krs,admin_kampus,admin krs bisa diisi mulai kapan untuk mahasiswa semester ini,"Halo, mohon izin bertanya, pengisian KRS dapat dilakukan mulai kapan ya?"
ADM0121,krs,admin_kampus,halo min krs bisa diisi mulai kapan,"Halo, mohon izin bertanya, pengisian KRS dapat dilakukan mulai kapan ya?"
ADM0122,krs,admin_kampus,halo min krs bisa diisi mulai kapan ya,"Halo, mohon izin bertanya, pengisian KRS dapat dilakukan mulai kapan ya?"
ADM0123,krs,admin_kampus,halo min krs bisa diisi mulai kapan dong,"Halo, mohon izin bertanya, pengisian KRS dapat dilakukan mulai kapan ya?"
ADM0124,krs,admin_kampus,halo min krs bisa diisi mulai kapan mohon info,"Halo, mohon izin bertanya, pengisian KRS dapat dilakukan mulai kapan ya?"
ADM0125,krs,admin_kampus,halo min krs bisa diisi mulai kapan kalau boleh tahu,"Halo, mohon izin bertanya, pengisian KRS dapat dilakukan mulai kapan ya?"
ADM0126,krs,admin_kampus,halo min krs bisa diisi mulai kapan untuk mahasiswa semester ini,"Halo, mohon izin bertanya, pengisian KRS dapat dilakukan mulai kapan ya?"
ADM0127,krs,admin_kampus,selamat pagi admin krs bisa diisi mulai kapan,"Halo, mohon izin bertanya, pengisian KRS dapat dilakukan mulai kapan ya?"
ADM0128,krs,admin_kampus,selamat pagi admin krs bisa diisi mulai kapan ya,"Halo, mohon izin bertanya, pengisian KRS dapat dilakukan mulai kapan ya?"
ADM0129,krs,admin_kampus,selamat pagi admin krs bisa diisi mulai kapan dong,"Halo, mohon izin bertanya, pengisian KRS dapat dilakukan mulai kapan ya?"
ADM0130,krs,admin_kampus,selamat pagi admin krs bisa diisi mulai kapan mohon info,"Halo, mohon izin bertanya, pengisian KRS dapat dilakukan mulai kapan ya?"
ADM0131,krs,admin_kampus,selamat pagi admin krs bisa diisi mulai kapan kalau boleh tahu,"Halo, mohon izin bertanya, pengisian KRS dapat dilakukan mulai kapan ya?"
ADM0132,krs,admin_kampus,selamat pagi admin krs bisa diisi mulai kapan untuk mahasiswa semester ini,"Halo, mohon izin bertanya, pengisian KRS dapat dilakukan mulai kapan ya?"
ADM0133,krs,admin_kampus,permisi admin krs bisa diisi mulai kapan,"Halo, mohon izin bertanya, pengisian KRS dapat dilakukan mulai kapan ya?"
ADM0134,krs,admin_kampus,permisi admin krs bisa diisi mulai kapan ya,"Halo, mohon izin bertanya, pengisian KRS dapat dilakukan mulai kapan ya?"
ADM0135,krs,admin_kampus,permisi admin krs bisa diisi mulai kapan dong,"Halo, mohon izin bertanya, pengisian KRS dapat dilakukan mulai kapan ya?"
ADM0136,krs,admin_kampus,permisi admin krs bisa diisi mulai kapan mohon info,"Halo, mohon izin bertanya, pengisian KRS dapat dilakukan mulai kapan ya?"
ADM0137,krs,admin_kampus,permisi admin krs bisa diisi mulai kapan kalau boleh tahu,"Halo, mohon izin bertanya, pengisian KRS dapat dilakukan mulai kapan ya?"
ADM0138,krs,admin_kampus,permisi admin krs bisa diisi mulai kapan untuk mahasiswa semester ini,"Halo, mohon izin bertanya, pengisian KRS dapat dilakukan mulai kapan ya?"
ADM0139,krs,admin_kampus,assalamualaikum admin krs bisa diisi mulai kapan,"Halo, mohon izin bertanya, pengisian KRS dapat dilakukan mulai kapan ya?"
ADM0140,krs,admin_kampus,assalamualaikum admin krs bisa diisi mulai kapan ya,"Halo, mohon izin bertanya, pengisian KRS dapat dilakukan mulai kapan ya?"
ADM0141,krs,admin_kampus,assalamualaikum admin krs bisa diisi mulai kapan dong,"Halo, mohon izin bertanya, pengisian KRS dapat dilakukan mulai kapan ya?"
ADM0142,krs,admin_kampus,assalamualaikum admin krs bisa diisi mulai kapan mohon info,"Halo, mohon izin bertanya, pengisian KRS dapat dilakukan mulai kapan ya?"
ADM0143,krs,admin_kampus,assalamualaikum admin krs bisa diisi mulai kapan kalau boleh tahu,"Halo, mohon izin bertanya, pengisian KRS dapat dilakukan mulai kapan ya?"
ADM0144,krs,admin_kampus,assalamualaikum admin krs bisa diisi mulai kapan untuk mahasiswa semester ini,"Halo, mohon izin bertanya, pengisian KRS dapat dilakukan mulai kapan ya?"
ADM0145,krs,admin_kampus,min krs saya belum bisa disimpan,"Halo, mohon izin, KRS saya belum dapat disimpan. Apakah bisa dibantu pengecekannya?"
ADM0146,krs,admin_kampus,min krs saya belum bisa disimpan ya,"Halo, mohon izin, KRS saya belum dapat disimpan. Apakah bisa dibantu pengecekannya?"
ADM0147,krs,admin_kampus,min krs saya belum bisa disimpan dong,"Halo, mohon izin, KRS saya belum dapat disimpan. Apakah bisa dibantu pengecekannya?"
ADM0148,krs,admin_kampus,min krs saya belum bisa disimpan mohon info,"Halo, mohon izin, KRS saya belum dapat disimpan. Apakah bisa dibantu pengecekannya?"
ADM0149,krs,admin_kampus,min krs saya belum bisa disimpan kalau boleh tahu,"Halo, mohon izin, KRS saya belum dapat disimpan. Apakah bisa dibantu pengecekannya?"
ADM0150,krs,admin_kampus,min krs saya belum bisa disimpan untuk mahasiswa semester ini,"Halo, mohon izin, KRS saya belum dapat disimpan. Apakah bisa dibantu pengecekannya?"
ADM0151,krs,admin_kampus,admin krs saya belum bisa disimpan,"Halo, mohon izin, KRS saya belum dapat disimpan. Apakah bisa dibantu pengecekannya?"
ADM0152,krs,admin_kampus,admin krs saya belum bisa disimpan ya,"Halo, mohon izin, KRS saya belum dapat disimpan. Apakah bisa dibantu pengecekannya?"
ADM0153,krs,admin_kampus,admin krs saya belum bisa disimpan dong,"Halo, mohon izin, KRS saya belum dapat disimpan. Apakah bisa dibantu pengecekannya?"
ADM0154,krs,admin_kampus,admin krs saya belum bisa disimpan mohon info,"Halo, mohon izin, KRS saya belum dapat disimpan. Apakah bisa dibantu pengecekannya?"
ADM0155,krs,admin_kampus,admin krs saya belum bisa disimpan kalau boleh tahu,"Halo, mohon izin, KRS saya belum dapat disimpan. Apakah bisa dibantu pengecekannya?"
ADM0156,krs,admin_kampus,admin krs saya belum bisa disimpan untuk mahasiswa semester ini,"Halo, mohon izin, KRS saya belum dapat disimpan. Apakah bisa dibantu pengecekannya?"
ADM0157,krs,admin_kampus,halo min krs saya belum bisa disimpan,"Halo, mohon izin, KRS saya belum dapat disimpan. Apakah bisa dibantu pengecekannya?"
ADM0158,krs,admin_kampus,halo min krs saya belum bisa disimpan ya,"Halo, mohon izin, KRS saya belum dapat disimpan. Apakah bisa dibantu pengecekannya?"
ADM0159,krs,admin_kampus,halo min krs saya belum bisa disimpan dong,"Halo, mohon izin, KRS saya belum dapat disimpan. Apakah bisa dibantu pengecekannya?"
ADM0160,krs,admin_kampus,halo min krs saya belum bisa disimpan mohon info,"Halo, mohon izin, KRS saya belum dapat disimpan. Apakah bisa dibantu pengecekannya?"
LIN0001,lowongan,linkedin,kak lowongannya masih tersedia tidak,"Halo Kak, saya ingin menanyakan apakah lowongan tersebut masih tersedia."
LIN0002,lowongan,linkedin,kak lowongannya masih tersedia tidak ya,"Halo Kak, saya ingin menanyakan apakah lowongan tersebut masih tersedia."
LIN0003,lowongan,linkedin,kak lowongannya masih tersedia tidak mohon arahan,"Halo Kak, saya ingin menanyakan apakah lowongan tersebut masih tersedia."
LIN0004,lowongan,linkedin,kak lowongannya masih tersedia tidak kalau berkenan,"Halo Kak, saya ingin menanyakan apakah lowongan tersebut masih tersedia."
LIN0005,lowongan,linkedin,kak lowongannya masih tersedia tidak mohon informasinya,"Halo Kak, saya ingin menanyakan apakah lowongan tersebut masih tersedia."
LIN0006,lowongan,linkedin,kak lowongannya masih tersedia tidak terima kasih sebelumnya,"Halo Kak, saya ingin menanyakan apakah lowongan tersebut masih tersedia."
LIN0007,lowongan,linkedin,halo kak lowongannya masih tersedia tidak,"Halo Kak, saya ingin menanyakan apakah lowongan tersebut masih tersedia."
LIN0008,lowongan,linkedin,halo kak lowongannya masih tersedia tidak ya,"Halo Kak, saya ingin menanyakan apakah lowongan tersebut masih tersedia."
LIN0009,lowongan,linkedin,halo kak lowongannya masih tersedia tidak mohon arahan,"Halo Kak, saya ingin menanyakan apakah lowongan tersebut masih tersedia."
LIN0010,lowongan,linkedin,halo kak lowongannya masih tersedia tidak kalau berkenan,"Halo Kak, saya ingin menanyakan apakah lowongan tersebut masih tersedia."
LIN0011,lowongan,linkedin,halo kak lowongannya masih tersedia tidak mohon informasinya,"Halo Kak, saya ingin menanyakan apakah lowongan tersebut masih tersedia."
LIN0012,lowongan,linkedin,halo kak lowongannya masih tersedia tidak terima kasih sebelumnya,"Halo Kak, saya ingin menanyakan apakah lowongan tersebut masih tersedia."
LIN0013,lowongan,linkedin,selamat pagi kak lowongannya masih tersedia tidak,"Halo Kak, saya ingin menanyakan apakah lowongan tersebut masih tersedia."
LIN0014,lowongan,linkedin,selamat pagi kak lowongannya masih tersedia tidak ya,"Halo Kak, saya ingin menanyakan apakah lowongan tersebut masih tersedia."
LIN0015,lowongan,linkedin,selamat pagi kak lowongannya masih tersedia tidak mohon arahan,"Halo Kak, saya ingin menanyakan apakah lowongan tersebut masih tersedia."
LIN0016,lowongan,linkedin,selamat pagi kak lowongannya masih tersedia tidak kalau berkenan,"Halo Kak, saya ingin menanyakan apakah lowongan tersebut masih tersedia."
LIN0017,lowongan,linkedin,selamat pagi kak lowongannya masih tersedia tidak mohon informasinya,"Halo Kak, saya ingin menanyakan apakah lowongan tersebut masih tersedia."
LIN0018,lowongan,linkedin,selamat pagi kak lowongannya masih tersedia tidak terima kasih sebelumnya,"Halo Kak, saya ingin menanyakan apakah lowongan tersebut masih tersedia."
LIN0019,lowongan,linkedin,permisi kak lowongannya masih tersedia tidak,"Halo Kak, saya ingin menanyakan apakah lowongan tersebut masih tersedia."
LIN0020,lowongan,linkedin,permisi kak lowongannya masih tersedia tidak ya,"Halo Kak, saya ingin menanyakan apakah lowongan tersebut masih tersedia."
LIN0021,lowongan,linkedin,permisi kak lowongannya masih tersedia tidak mohon arahan,"Halo Kak, saya ingin menanyakan apakah lowongan tersebut masih tersedia."
LIN0022,lowongan,linkedin,permisi kak lowongannya masih tersedia tidak kalau berkenan,"Halo Kak, saya ingin menanyakan apakah lowongan tersebut masih tersedia."
LIN0023,lowongan,linkedin,permisi kak lowongannya masih tersedia tidak mohon informasinya,"Halo Kak, saya ingin menanyakan apakah lowongan tersebut masih tersedia."
LIN0024,lowongan,linkedin,permisi kak lowongannya masih tersedia tidak terima kasih sebelumnya,"Halo Kak, saya ingin menanyakan apakah lowongan tersebut masih tersedia."
LIN0025,lowongan,linkedin,hai kak lowongannya masih tersedia tidak,"Halo Kak, saya ingin menanyakan apakah lowongan tersebut masih tersedia."
LIN0026,lowongan,linkedin,hai kak lowongannya masih tersedia tidak ya,"Halo Kak, saya ingin menanyakan apakah lowongan tersebut masih tersedia."
LIN0027,lowongan,linkedin,hai kak lowongannya masih tersedia tidak mohon arahan,"Halo Kak, saya ingin menanyakan apakah lowongan tersebut masih tersedia."
LIN0028,lowongan,linkedin,hai kak lowongannya masih tersedia tidak kalau berkenan,"Halo Kak, saya ingin menanyakan apakah lowongan tersebut masih tersedia."
LIN0029,lowongan,linkedin,hai kak lowongannya masih tersedia tidak mohon informasinya,"Halo Kak, saya ingin menanyakan apakah lowongan tersebut masih tersedia."
LIN0030,lowongan,linkedin,hai kak lowongannya masih tersedia tidak terima kasih sebelumnya,"Halo Kak, saya ingin menanyakan apakah lowongan tersebut masih tersedia."
LIN0031,lowongan,linkedin,assalamualaikum kak lowongannya masih tersedia tidak,"Halo Kak, saya ingin menanyakan apakah lowongan tersebut masih tersedia."
LIN0032,lowongan,linkedin,assalamualaikum kak lowongannya masih tersedia tidak ya,"Halo Kak, saya ingin menanyakan apakah lowongan tersebut masih tersedia."
LIN0033,lowongan,linkedin,assalamualaikum kak lowongannya masih tersedia tidak mohon arahan,"Halo Kak, saya ingin menanyakan apakah lowongan tersebut masih tersedia."
LIN0034,lowongan,linkedin,assalamualaikum kak lowongannya masih tersedia tidak kalau berkenan,"Halo Kak, saya ingin menanyakan apakah lowongan tersebut masih tersedia."
LIN0035,lowongan,linkedin,assalamualaikum kak lowongannya masih tersedia tidak mohon informasinya,"Halo Kak, saya ingin menanyakan apakah lowongan tersebut masih tersedia."
LIN0036,lowongan,linkedin,assalamualaikum kak lowongannya masih tersedia tidak terima kasih sebelumnya,"Halo Kak, saya ingin menanyakan apakah lowongan tersebut masih tersedia."
LIN0037,lowongan,linkedin,kak saya tertarik dengan lowongan yang kakak bagikan,"Halo Kak, saya tertarik dengan lowongan yang dibagikan dan ingin mengetahui informasi lebih lanjut."
LIN0038,lowongan,linkedin,kak saya tertarik dengan lowongan yang kakak bagikan ya,"Halo Kak, saya tertarik dengan lowongan yang dibagikan dan ingin mengetahui informasi lebih lanjut."
LIN0039,lowongan,linkedin,kak saya tertarik dengan lowongan yang kakak bagikan mohon arahan,"Halo Kak, saya tertarik dengan lowongan yang dibagikan dan ingin mengetahui informasi lebih lanjut."
LIN0040,lowongan,linkedin,kak saya tertarik dengan lowongan yang kakak bagikan kalau berkenan,"Halo Kak, saya tertarik dengan lowongan yang dibagikan dan ingin mengetahui informasi lebih lanjut."
LIN0041,lowongan,linkedin,kak saya tertarik dengan lowongan yang kakak bagikan mohon informasinya,"Halo Kak, saya tertarik dengan lowongan yang dibagikan dan ingin mengetahui informasi lebih lanjut."
LIN0042,lowongan,linkedin,kak saya tertarik dengan lowongan yang kakak bagikan terima kasih sebelumnya,"Halo Kak, saya tertarik dengan lowongan yang dibagikan dan ingin mengetahui informasi lebih lanjut."
LIN0043,lowongan,linkedin,halo kak saya tertarik dengan lowongan yang kakak bagikan,"Halo Kak, saya tertarik dengan lowongan yang dibagikan dan ingin mengetahui informasi lebih lanjut."
LIN0044,lowongan,linkedin,halo kak saya tertarik dengan lowongan yang kakak bagikan ya,"Halo Kak, saya tertarik dengan lowongan yang dibagikan dan ingin mengetahui informasi lebih lanjut."
LIN0045,lowongan,linkedin,halo kak saya tertarik dengan lowongan yang kakak bagikan mohon arahan,"Halo Kak, saya tertarik dengan lowongan yang dibagikan dan ingin mengetahui informasi lebih lanjut."
LIN0046,lowongan,linkedin,halo kak saya tertarik dengan lowongan yang kakak bagikan kalau berkenan,"Halo Kak, saya tertarik dengan lowongan yang dibagikan dan ingin mengetahui informasi lebih lanjut."
LIN0047,lowongan,linkedin,halo kak saya tertarik dengan lowongan yang kakak bagikan mohon informasinya,"Halo Kak, saya tertarik dengan lowongan yang dibagikan dan ingin mengetahui informasi lebih lanjut."
LIN0048,lowongan,linkedin,halo kak saya tertarik dengan lowongan yang kakak bagikan terima kasih sebelumnya,"Halo Kak, saya tertarik dengan lowongan yang dibagikan dan ingin mengetahui informasi lebih lanjut."
LIN0049,lowongan,linkedin,selamat pagi kak saya tertarik dengan lowongan yang kakak bagikan,"Halo Kak, saya tertarik dengan lowongan yang dibagikan dan ingin mengetahui informasi lebih lanjut."
LIN0050,lowongan,linkedin,selamat pagi kak saya tertarik dengan lowongan yang kakak bagikan ya,"Halo Kak, saya tertarik dengan lowongan yang dibagikan dan ingin mengetahui informasi lebih lanjut."
LIN0051,lowongan,linkedin,selamat pagi kak saya tertarik dengan lowongan yang kakak bagikan mohon arahan,"Halo Kak, saya tertarik dengan lowongan yang dibagikan dan ingin mengetahui informasi lebih lanjut."
LIN0052,lowongan,linkedin,selamat pagi kak saya tertarik dengan lowongan yang kakak bagikan kalau berkenan,"Halo Kak, saya tertarik dengan lowongan yang dibagikan dan ingin mengetahui informasi lebih lanjut."
LIN0053,lowongan,linkedin,selamat pagi kak saya tertarik dengan lowongan yang kakak bagikan mohon informasinya,"Halo Kak, saya tertarik dengan lowongan yang dibagikan dan ingin mengetahui informasi lebih lanjut."
LIN0054,lowongan,linkedin,selamat pagi kak saya tertarik dengan lowongan yang kakak bagikan terima kasih sebelumnya,"Halo Kak, saya tertarik dengan lowongan yang dibagikan dan ingin mengetahui informasi lebih lanjut."
LIN0055,lowongan,linkedin,permisi kak saya tertarik dengan lowongan yang kakak bagikan,"Halo Kak, saya tertarik dengan lowongan yang dibagikan dan ingin mengetahui informasi lebih lanjut."
LIN0056,lowongan,linkedin,permisi kak saya tertarik dengan lowongan yang kakak bagikan ya,"Halo Kak, saya tertarik dengan lowongan yang dibagikan dan ingin mengetahui informasi lebih lanjut."
LIN0057,lowongan,linkedin,permisi kak saya tertarik dengan lowongan yang kakak bagikan mohon arahan,"Halo Kak, saya tertarik dengan lowongan yang dibagikan dan ingin mengetahui informasi lebih lanjut."
LIN0058,lowongan,linkedin,permisi kak saya tertarik dengan lowongan yang kakak bagikan kalau berkenan,"Halo Kak, saya tertarik dengan lowongan yang dibagikan dan ingin mengetahui informasi lebih lanjut."
LIN0059,lowongan,linkedin,permisi kak saya tertarik dengan lowongan yang kakak bagikan mohon informasinya,"Halo Kak, saya tertarik dengan lowongan yang dibagikan dan ingin mengetahui informasi lebih lanjut."
LIN0060,lowongan,linkedin,permisi kak saya tertarik dengan lowongan yang kakak bagikan terima kasih sebelumnya,"Halo Kak, saya tertarik dengan lowongan yang dibagikan dan ingin mengetahui informasi lebih lanjut."
LIN0061,lowongan,linkedin,hai kak saya tertarik dengan lowongan yang kakak bagikan,"Halo Kak, saya tertarik dengan lowongan yang dibagikan dan ingin mengetahui informasi lebih lanjut."
LIN0062,lowongan,linkedin,hai kak saya tertarik dengan lowongan yang kakak bagikan ya,"Halo Kak, saya tertarik dengan lowongan yang dibagikan dan ingin mengetahui informasi lebih lanjut."
LIN0063,lowongan,linkedin,hai kak saya tertarik dengan lowongan yang kakak bagikan mohon arahan,"Halo Kak, saya tertarik dengan lowongan yang dibagikan dan ingin mengetahui informasi lebih lanjut."
LIN0064,lowongan,linkedin,hai kak saya tertarik dengan lowongan yang kakak bagikan kalau berkenan,"Halo Kak, saya tertarik dengan lowongan yang dibagikan dan ingin mengetahui informasi lebih lanjut."
LIN0065,lowongan,linkedin,hai kak saya tertarik dengan lowongan yang kakak bagikan mohon informasinya,"Halo Kak, saya tertarik dengan lowongan yang dibagikan dan ingin mengetahui informasi lebih lanjut."
LIN0066,lowongan,linkedin,hai kak saya tertarik dengan lowongan yang kakak bagikan terima kasih sebelumnya,"Halo Kak, saya tertarik dengan lowongan yang dibagikan dan ingin mengetahui informasi lebih lanjut."
LIN0067,lowongan,linkedin,assalamualaikum kak saya tertarik dengan lowongan yang kakak bagikan,"Halo Kak, saya tertarik dengan lowongan yang dibagikan dan ingin mengetahui informasi lebih lanjut."
LIN0068,lowongan,linkedin,assalamualaikum kak saya tertarik dengan lowongan yang kakak bagikan ya,"Halo Kak, saya tertarik dengan lowongan yang dibagikan dan ingin mengetahui informasi lebih lanjut."
LIN0069,lowongan,linkedin,assalamualaikum kak saya tertarik dengan lowongan yang kakak bagikan mohon arahan,"Halo Kak, saya tertarik dengan lowongan yang dibagikan dan ingin mengetahui informasi lebih lanjut."
LIN0070,lowongan,linkedin,assalamualaikum kak saya tertarik dengan lowongan yang kakak bagikan kalau berkenan,"Halo Kak, saya tertarik dengan lowongan yang dibagikan dan ingin mengetahui informasi lebih lanjut."
LIN0071,lowongan,linkedin,assalamualaikum kak saya tertarik dengan lowongan yang kakak bagikan mohon informasinya,"Halo Kak, saya tertarik dengan lowongan yang dibagikan dan ingin mengetahui informasi lebih lanjut."
LIN0072,lowongan,linkedin,assalamualaikum kak saya tertarik dengan lowongan yang kakak bagikan terima kasih sebelumnya,"Halo Kak, saya tertarik dengan lowongan yang dibagikan dan ingin mengetahui informasi lebih lanjut."
LIN0073,lowongan,linkedin,kak persyaratan untuk posisi itu apa saja,"Halo Kak, saya ingin menanyakan persyaratan yang dibutuhkan untuk posisi tersebut."
LIN0074,lowongan,linkedin,kak persyaratan untuk posisi itu apa saja ya,"Halo Kak, saya ingin menanyakan persyaratan yang dibutuhkan untuk posisi tersebut."
LIN0075,lowongan,linkedin,kak persyaratan untuk posisi itu apa saja mohon arahan,"Halo Kak, saya ingin menanyakan persyaratan yang dibutuhkan untuk posisi tersebut."
LIN0076,lowongan,linkedin,kak persyaratan untuk posisi itu apa saja kalau berkenan,"Halo Kak, saya ingin menanyakan persyaratan yang dibutuhkan untuk posisi tersebut."
LIN0077,lowongan,linkedin,kak persyaratan untuk posisi itu apa saja mohon informasinya,"Halo Kak, saya ingin menanyakan persyaratan yang dibutuhkan untuk posisi tersebut."
LIN0078,lowongan,linkedin,kak persyaratan untuk posisi itu apa saja terima kasih sebelumnya,"Halo Kak, saya ingin menanyakan persyaratan yang dibutuhkan untuk posisi tersebut."
LIN0079,lowongan,linkedin,halo kak persyaratan untuk posisi itu apa saja,"Halo Kak, saya ingin menanyakan persyaratan yang dibutuhkan untuk posisi tersebut."
LIN0080,lowongan,linkedin,halo kak persyaratan untuk posisi itu apa saja ya,"Halo Kak, saya ingin menanyakan persyaratan yang dibutuhkan untuk posisi tersebut."
LIN0081,lowongan,linkedin,halo kak persyaratan untuk posisi itu apa saja mohon arahan,"Halo Kak, saya ingin menanyakan persyaratan yang dibutuhkan untuk posisi tersebut."
LIN0082,lowongan,linkedin,halo kak persyaratan untuk posisi itu apa saja kalau berkenan,"Halo Kak, saya ingin menanyakan persyaratan yang dibutuhkan untuk posisi tersebut."
LIN0083,lowongan,linkedin,halo kak persyaratan untuk posisi itu apa saja mohon informasinya,"Halo Kak, saya ingin menanyakan persyaratan yang dibutuhkan untuk posisi tersebut."
LIN0084,lowongan,linkedin,halo kak persyaratan untuk posisi itu apa saja terima kasih sebelumnya,"Halo Kak, saya ingin menanyakan persyaratan yang dibutuhkan untuk posisi tersebut."
LIN0085,lowongan,linkedin,selamat pagi kak persyaratan untuk posisi itu apa saja,"Halo Kak, saya ingin menanyakan persyaratan yang dibutuhkan untuk posisi tersebut."
LIN0086,lowongan,linkedin,selamat pagi kak persyaratan untuk posisi itu apa saja ya,"Halo Kak, saya ingin menanyakan persyaratan yang dibutuhkan untuk posisi tersebut."
LIN0087,lowongan,linkedin,selamat pagi kak persyaratan untuk posisi itu apa saja mohon arahan,"Halo Kak, saya ingin menanyakan persyaratan yang dibutuhkan untuk posisi tersebut."
LIN0088,lowongan,linkedin,selamat pagi kak persyaratan untuk posisi itu apa saja kalau berkenan,"Halo Kak, saya ingin menanyakan persyaratan yang dibutuhkan untuk posisi tersebut."
LIN0089,lowongan,linkedin,selamat pagi kak persyaratan untuk posisi itu apa saja mohon informasinya,"Halo Kak, saya ingin menanyakan persyaratan yang dibutuhkan untuk posisi tersebut."
LIN0090,lowongan,linkedin,selamat pagi kak persyaratan untuk posisi itu apa saja terima kasih sebelumnya,"Halo Kak, saya ingin menanyakan persyaratan yang dibutuhkan untuk posisi tersebut."
LIN0091,lowongan,linkedin,permisi kak persyaratan untuk posisi itu apa saja,"Halo Kak, saya ingin menanyakan persyaratan yang dibutuhkan untuk posisi tersebut."
LIN0092,lowongan,linkedin,permisi kak persyaratan untuk posisi itu apa saja ya,"Halo Kak, saya ingin menanyakan persyaratan yang dibutuhkan untuk posisi tersebut."
LIN0093,lowongan,linkedin,permisi kak persyaratan untuk posisi itu apa saja mohon arahan,"Halo Kak, saya ingin menanyakan persyaratan yang dibutuhkan untuk posisi tersebut."
LIN0094,lowongan,linkedin,permisi kak persyaratan untuk posisi itu apa saja kalau berkenan,"Halo Kak, saya ingin menanyakan persyaratan yang dibutuhkan untuk posisi tersebut."
LIN0095,lowongan,linkedin,permisi kak persyaratan untuk posisi itu apa saja mohon informasinya,"Halo Kak, saya ingin menanyakan persyaratan yang dibutuhkan untuk posisi tersebut."
LIN0096,lowongan,linkedin,permisi kak persyaratan untuk posisi itu apa saja terima kasih sebelumnya,"Halo Kak, saya ingin menanyakan persyaratan yang dibutuhkan untuk posisi tersebut."
LIN0097,lowongan,linkedin,hai kak persyaratan untuk posisi itu apa saja,"Halo Kak, saya ingin menanyakan persyaratan yang dibutuhkan untuk posisi tersebut."
LIN0098,lowongan,linkedin,hai kak persyaratan untuk posisi itu apa saja ya,"Halo Kak, saya ingin menanyakan persyaratan yang dibutuhkan untuk posisi tersebut."
LIN0099,lowongan,linkedin,hai kak persyaratan untuk posisi itu apa saja mohon arahan,"Halo Kak, saya ingin menanyakan persyaratan yang dibutuhkan untuk posisi tersebut."
LIN0100,lowongan,linkedin,hai kak persyaratan untuk posisi itu apa saja kalau berkenan,"Halo Kak, saya ingin menanyakan persyaratan yang dibutuhkan untuk posisi tersebut."
LIN0101,lowongan,linkedin,hai kak persyaratan untuk posisi itu apa saja mohon informasinya,"Halo Kak, saya ingin menanyakan persyaratan yang dibutuhkan untuk posisi tersebut."
LIN0102,lowongan,linkedin,hai kak persyaratan untuk posisi itu apa saja terima kasih sebelumnya,"Halo Kak, saya ingin menanyakan persyaratan yang dibutuhkan untuk posisi tersebut."
LIN0103,lowongan,linkedin,assalamualaikum kak persyaratan untuk posisi itu apa saja,"Halo Kak, saya ingin menanyakan persyaratan yang dibutuhkan untuk posisi tersebut."
LIN0104,lowongan,linkedin,assalamualaikum kak persyaratan untuk posisi itu apa saja ya,"Halo Kak, saya ingin menanyakan persyaratan yang dibutuhkan untuk posisi tersebut."
LIN0105,lowongan,linkedin,assalamualaikum kak persyaratan untuk posisi itu apa saja mohon arahan,"Halo Kak, saya ingin menanyakan persyaratan yang dibutuhkan untuk posisi tersebut."
LIN0106,lowongan,linkedin,assalamualaikum kak persyaratan untuk posisi itu apa saja kalau berkenan,"Halo Kak, saya ingin menanyakan persyaratan yang dibutuhkan untuk posisi tersebut."
LIN0107,lowongan,linkedin,assalamualaikum kak persyaratan untuk posisi itu apa saja mohon informasinya,"Halo Kak, saya ingin menanyakan persyaratan yang dibutuhkan untuk posisi tersebut."
LIN0108,lowongan,linkedin,assalamualaikum kak persyaratan untuk posisi itu apa saja terima kasih sebelumnya,"Halo Kak, saya ingin menanyakan persyaratan yang dibutuhkan untuk posisi tersebut."
LIN0109,networking,linkedin,kak saya ingin terhubung karena tertarik dengan karier kakak,"Halo Kak, saya ingin terhubung karena tertarik untuk belajar dari perjalanan karier Kakak."
LIN0110,networking,linkedin,kak saya ingin terhubung karena tertarik dengan karier kakak ya,"Halo Kak, saya ingin terhubung karena tertarik untuk belajar dari perjalanan karier Kakak."
LIN0111,networking,linkedin,kak saya ingin terhubung karena tertarik dengan karier kakak mohon arahan,"Halo Kak, saya ingin terhubung karena tertarik untuk belajar dari perjalanan karier Kakak."
LIN0112,networking,linkedin,kak saya ingin terhubung karena tertarik dengan karier kakak kalau berkenan,"Halo Kak, saya ingin terhubung karena tertarik untuk belajar dari perjalanan karier Kakak."
LIN0113,networking,linkedin,kak saya ingin terhubung karena tertarik dengan karier kakak mohon informasinya,"Halo Kak, saya ingin terhubung karena tertarik untuk belajar dari perjalanan karier Kakak."
LIN0114,networking,linkedin,kak saya ingin terhubung karena tertarik dengan karier kakak terima kasih sebelumnya,"Halo Kak, saya ingin terhubung karena tertarik untuk belajar dari perjalanan karier Kakak."
LIN0115,networking,linkedin,halo kak saya ingin terhubung karena tertarik dengan karier kakak,"Halo Kak, saya ingin terhubung karena tertarik untuk belajar dari perjalanan karier Kakak."
LIN0116,networking,linkedin,halo kak saya ingin terhubung karena tertarik dengan karier kakak ya,"Halo Kak, saya ingin terhubung karena tertarik untuk belajar dari perjalanan karier Kakak."
LIN0117,networking,linkedin,halo kak saya ingin terhubung karena tertarik dengan karier kakak mohon arahan,"Halo Kak, saya ingin terhubung karena tertarik untuk belajar dari perjalanan karier Kakak."
LIN0118,networking,linkedin,halo kak saya ingin terhubung karena tertarik dengan karier kakak kalau berkenan,"Halo Kak, saya ingin terhubung karena tertarik untuk belajar dari perjalanan karier Kakak."
LIN0119,networking,linkedin,halo kak saya ingin terhubung karena tertarik dengan karier kakak mohon informasinya,"Halo Kak, saya ingin terhubung karena tertarik untuk belajar dari perjalanan karier Kakak."
LIN0120,networking,linkedin,halo kak saya ingin terhubung karena tertarik dengan karier kakak terima kasih sebelumnya,"Halo Kak, saya ingin terhubung karena tertarik untuk belajar dari perjalanan karier Kakak."
LIN0121,networking,linkedin,selamat pagi kak saya ingin terhubung karena tertarik dengan karier kakak,"Halo Kak, saya ingin terhubung karena tertarik untuk belajar dari perjalanan karier Kakak."
LIN0122,networking,linkedin,selamat pagi kak saya ingin terhubung karena tertarik dengan karier kakak ya,"Halo Kak, saya ingin terhubung karena tertarik untuk belajar dari perjalanan karier Kakak."
LIN0123,networking,linkedin,selamat pagi kak saya ingin terhubung karena tertarik dengan karier kakak mohon arahan,"Halo Kak, saya ingin terhubung karena tertarik untuk belajar dari perjalanan karier Kakak."
LIN0124,networking,linkedin,selamat pagi kak saya ingin terhubung karena tertarik dengan karier kakak kalau berkenan,"Halo Kak, saya ingin terhubung karena tertarik untuk belajar dari perjalanan karier Kakak."
LIN0125,networking,linkedin,selamat pagi kak saya ingin terhubung karena tertarik dengan karier kakak mohon informasinya,"Halo Kak, saya ingin terhubung karena tertarik untuk belajar dari perjalanan karier Kakak."
LIN0126,networking,linkedin,selamat pagi kak saya ingin terhubung karena tertarik dengan karier kakak terima kasih sebelumnya,"Halo Kak, saya ingin terhubung karena tertarik untuk belajar dari perjalanan karier Kakak."
LIN0127,networking,linkedin,permisi kak saya ingin terhubung karena tertarik dengan karier kakak,"Halo Kak, saya ingin terhubung karena tertarik untuk belajar dari perjalanan karier Kakak."
LIN0128,networking,linkedin,permisi kak saya ingin terhubung karena tertarik dengan karier kakak ya,"Halo Kak, saya ingin terhubung karena tertarik untuk belajar dari perjalanan karier Kakak."
LIN0129,networking,linkedin,permisi kak saya ingin terhubung karena tertarik dengan karier kakak mohon arahan,"Halo Kak, saya ingin terhubung karena tertarik untuk belajar dari perjalanan karier Kakak."
LIN0130,networking,linkedin,permisi kak saya ingin terhubung karena tertarik dengan karier kakak kalau berkenan,"Halo Kak, saya ingin terhubung karena tertarik untuk belajar dari perjalanan karier Kakak."
LIN0131,networking,linkedin,permisi kak saya ingin terhubung karena tertarik dengan karier kakak mohon informasinya,"Halo Kak, saya ingin terhubung karena tertarik untuk belajar dari perjalanan karier Kakak."
LIN0132,networking,linkedin,permisi kak saya ingin terhubung karena tertarik dengan karier kakak terima kasih sebelumnya,"Halo Kak, saya ingin terhubung karena tertarik untuk belajar dari perjalanan karier Kakak."
LIN0133,networking,linkedin,hai kak saya ingin terhubung karena tertarik dengan karier kakak,"Halo Kak, saya ingin terhubung karena tertarik untuk belajar dari perjalanan karier Kakak."
LIN0134,networking,linkedin,hai kak saya ingin terhubung karena tertarik dengan karier kakak ya,"Halo Kak, saya ingin terhubung karena tertarik untuk belajar dari perjalanan karier Kakak."
LIN0135,networking,linkedin,hai kak saya ingin terhubung karena tertarik dengan karier kakak mohon arahan,"Halo Kak, saya ingin terhubung karena tertarik untuk belajar dari perjalanan karier Kakak."
LIN0136,networking,linkedin,hai kak saya ingin terhubung karena tertarik dengan karier kakak kalau berkenan,"Halo Kak, saya ingin terhubung karena tertarik untuk belajar dari perjalanan karier Kakak."
LIN0137,networking,linkedin,hai kak saya ingin terhubung karena tertarik dengan karier kakak mohon informasinya,"Halo Kak, saya ingin terhubung karena tertarik untuk belajar dari perjalanan karier Kakak."
LIN0138,networking,linkedin,hai kak saya ingin terhubung karena tertarik dengan karier kakak terima kasih sebelumnya,"Halo Kak, saya ingin terhubung karena tertarik untuk belajar dari perjalanan karier Kakak."
LIN0139,networking,linkedin,assalamualaikum kak saya ingin terhubung karena tertarik dengan karier kakak,"Halo Kak, saya ingin terhubung karena tertarik untuk belajar dari perjalanan karier Kakak."
LIN0140,networking,linkedin,assalamualaikum kak saya ingin terhubung karena tertarik dengan karier kakak ya,"Halo Kak, saya ingin terhubung karena tertarik untuk belajar dari perjalanan karier Kakak."
LIN0141,networking,linkedin,assalamualaikum kak saya ingin terhubung karena tertarik dengan karier kakak mohon arahan,"Halo Kak, saya ingin terhubung karena tertarik untuk belajar dari perjalanan karier Kakak."
LIN0142,networking,linkedin,assalamualaikum kak saya ingin terhubung karena tertarik dengan karier kakak kalau berkenan,"Halo Kak, saya ingin terhubung karena tertarik untuk belajar dari perjalanan karier Kakak."
LIN0143,networking,linkedin,assalamualaikum kak saya ingin terhubung karena tertarik dengan karier kakak mohon informasinya,"Halo Kak, saya ingin terhubung karena tertarik untuk belajar dari perjalanan karier Kakak."
LIN0144,networking,linkedin,assalamualaikum kak saya ingin terhubung karena tertarik dengan karier kakak terima kasih sebelumnya,"Halo Kak, saya ingin terhubung karena tertarik untuk belajar dari perjalanan karier Kakak."
LIN0145,networking,linkedin,kak boleh minta waktu sharing sebentar,"Halo Kak, apabila berkenan, saya ingin meminta waktu singkat untuk berdiskusi atau sharing."
LIN0146,networking,linkedin,kak boleh minta waktu sharing sebentar ya,"Halo Kak, apabila berkenan, saya ingin meminta waktu singkat untuk berdiskusi atau sharing."
LIN0147,networking,linkedin,kak boleh minta waktu sharing sebentar mohon arahan,"Halo Kak, apabila berkenan, saya ingin meminta waktu singkat untuk berdiskusi atau sharing."
LIN0148,networking,linkedin,kak boleh minta waktu sharing sebentar kalau berkenan,"Halo Kak, apabila berkenan, saya ingin meminta waktu singkat untuk berdiskusi atau sharing."
LIN0149,networking,linkedin,kak boleh minta waktu sharing sebentar mohon informasinya,"Halo Kak, apabila berkenan, saya ingin meminta waktu singkat untuk berdiskusi atau sharing."
LIN0150,networking,linkedin,kak boleh minta waktu sharing sebentar terima kasih sebelumnya,"Halo Kak, apabila berkenan, saya ingin meminta waktu singkat untuk berdiskusi atau sharing."
EML0001,lamaran,email_lamaran,saya ingin melamar kerja di perusahaan ini,"Dengan hormat, saya bermaksud mengajukan lamaran pekerjaan pada posisi yang tersedia di perusahaan ini."
EML0002,lamaran,email_lamaran,saya ingin melamar kerja di perusahaan ini mohon informasinya,"Dengan hormat, saya bermaksud mengajukan lamaran pekerjaan pada posisi yang tersedia di perusahaan ini."
EML0003,lamaran,email_lamaran,saya ingin melamar kerja di perusahaan ini terima kasih,"Dengan hormat, saya bermaksud mengajukan lamaran pekerjaan pada posisi yang tersedia di perusahaan ini."
EML0004,lamaran,email_lamaran,saya ingin melamar kerja di perusahaan ini sebagai bahan pertimbangan,"Dengan hormat, saya bermaksud mengajukan lamaran pekerjaan pada posisi yang tersedia di perusahaan ini."
EML0005,lamaran,email_lamaran,saya ingin melamar kerja di perusahaan ini apabila berkenan,"Dengan hormat, saya bermaksud mengajukan lamaran pekerjaan pada posisi yang tersedia di perusahaan ini."
EML0006,lamaran,email_lamaran,saya ingin melamar kerja di perusahaan ini mohon izin,"Dengan hormat, saya bermaksud mengajukan lamaran pekerjaan pada posisi yang tersedia di perusahaan ini."
EML0007,lamaran,email_lamaran,selamat pagi saya ingin melamar kerja di perusahaan ini,"Dengan hormat, saya bermaksud mengajukan lamaran pekerjaan pada posisi yang tersedia di perusahaan ini."
EML0008,lamaran,email_lamaran,selamat pagi saya ingin melamar kerja di perusahaan ini mohon informasinya,"Dengan hormat, saya bermaksud mengajukan lamaran pekerjaan pada posisi yang tersedia di perusahaan ini."
EML0009,lamaran,email_lamaran,selamat pagi saya ingin melamar kerja di perusahaan ini terima kasih,"Dengan hormat, saya bermaksud mengajukan lamaran pekerjaan pada posisi yang tersedia di perusahaan ini."
EML0010,lamaran,email_lamaran,selamat pagi saya ingin melamar kerja di perusahaan ini sebagai bahan pertimbangan,"Dengan hormat, saya bermaksud mengajukan lamaran pekerjaan pada posisi yang tersedia di perusahaan ini."
EML0011,lamaran,email_lamaran,selamat pagi saya ingin melamar kerja di perusahaan ini apabila berkenan,"Dengan hormat, saya bermaksud mengajukan lamaran pekerjaan pada posisi yang tersedia di perusahaan ini."
EML0012,lamaran,email_lamaran,selamat pagi saya ingin melamar kerja di perusahaan ini mohon izin,"Dengan hormat, saya bermaksud mengajukan lamaran pekerjaan pada posisi yang tersedia di perusahaan ini."
EML0013,lamaran,email_lamaran,selamat siang saya ingin melamar kerja di perusahaan ini,"Dengan hormat, saya bermaksud mengajukan lamaran pekerjaan pada posisi yang tersedia di perusahaan ini."
EML0014,lamaran,email_lamaran,selamat siang saya ingin melamar kerja di perusahaan ini mohon informasinya,"Dengan hormat, saya bermaksud mengajukan lamaran pekerjaan pada posisi yang tersedia di perusahaan ini."
EML0015,lamaran,email_lamaran,selamat siang saya ingin melamar kerja di perusahaan ini terima kasih,"Dengan hormat, saya bermaksud mengajukan lamaran pekerjaan pada posisi yang tersedia di perusahaan ini."
EML0016,lamaran,email_lamaran,selamat siang saya ingin melamar kerja di perusahaan ini sebagai bahan pertimbangan,"Dengan hormat, saya bermaksud mengajukan lamaran pekerjaan pada posisi yang tersedia di perusahaan ini."
EML0017,lamaran,email_lamaran,selamat siang saya ingin melamar kerja di perusahaan ini apabila berkenan,"Dengan hormat, saya bermaksud mengajukan lamaran pekerjaan pada posisi yang tersedia di perusahaan ini."
EML0018,lamaran,email_lamaran,selamat siang saya ingin melamar kerja di perusahaan ini mohon izin,"Dengan hormat, saya bermaksud mengajukan lamaran pekerjaan pada posisi yang tersedia di perusahaan ini."
EML0019,lamaran,email_lamaran,kepada yth saya ingin melamar kerja di perusahaan ini,"Dengan hormat, saya bermaksud mengajukan lamaran pekerjaan pada posisi yang tersedia di perusahaan ini."
EML0020,lamaran,email_lamaran,kepada yth saya ingin melamar kerja di perusahaan ini mohon informasinya,"Dengan hormat, saya bermaksud mengajukan lamaran pekerjaan pada posisi yang tersedia di perusahaan ini."
EML0021,lamaran,email_lamaran,kepada yth saya ingin melamar kerja di perusahaan ini terima kasih,"Dengan hormat, saya bermaksud mengajukan lamaran pekerjaan pada posisi yang tersedia di perusahaan ini."
EML0022,lamaran,email_lamaran,kepada yth saya ingin melamar kerja di perusahaan ini sebagai bahan pertimbangan,"Dengan hormat, saya bermaksud mengajukan lamaran pekerjaan pada posisi yang tersedia di perusahaan ini."
EML0023,lamaran,email_lamaran,kepada yth saya ingin melamar kerja di perusahaan ini apabila berkenan,"Dengan hormat, saya bermaksud mengajukan lamaran pekerjaan pada posisi yang tersedia di perusahaan ini."
EML0024,lamaran,email_lamaran,kepada yth saya ingin melamar kerja di perusahaan ini mohon izin,"Dengan hormat, saya bermaksud mengajukan lamaran pekerjaan pada posisi yang tersedia di perusahaan ini."
EML0025,lamaran,email_lamaran,dear hrd saya ingin melamar kerja di perusahaan ini,"Dengan hormat, saya bermaksud mengajukan lamaran pekerjaan pada posisi yang tersedia di perusahaan ini."
EML0026,lamaran,email_lamaran,dear hrd saya ingin melamar kerja di perusahaan ini mohon informasinya,"Dengan hormat, saya bermaksud mengajukan lamaran pekerjaan pada posisi yang tersedia di perusahaan ini."
EML0027,lamaran,email_lamaran,dear hrd saya ingin melamar kerja di perusahaan ini terima kasih,"Dengan hormat, saya bermaksud mengajukan lamaran pekerjaan pada posisi yang tersedia di perusahaan ini."
EML0028,lamaran,email_lamaran,dear hrd saya ingin melamar kerja di perusahaan ini sebagai bahan pertimbangan,"Dengan hormat, saya bermaksud mengajukan lamaran pekerjaan pada posisi yang tersedia di perusahaan ini."
EML0029,lamaran,email_lamaran,dear hrd saya ingin melamar kerja di perusahaan ini apabila berkenan,"Dengan hormat, saya bermaksud mengajukan lamaran pekerjaan pada posisi yang tersedia di perusahaan ini."
EML0030,lamaran,email_lamaran,dear hrd saya ingin melamar kerja di perusahaan ini mohon izin,"Dengan hormat, saya bermaksud mengajukan lamaran pekerjaan pada posisi yang tersedia di perusahaan ini."
EML0031,lamaran,email_lamaran,halo bapak ibu saya ingin melamar kerja di perusahaan ini,"Dengan hormat, saya bermaksud mengajukan lamaran pekerjaan pada posisi yang tersedia di perusahaan ini."
EML0032,lamaran,email_lamaran,halo bapak ibu saya ingin melamar kerja di perusahaan ini mohon informasinya,"Dengan hormat, saya bermaksud mengajukan lamaran pekerjaan pada posisi yang tersedia di perusahaan ini."
EML0033,lamaran,email_lamaran,halo bapak ibu saya ingin melamar kerja di perusahaan ini terima kasih,"Dengan hormat, saya bermaksud mengajukan lamaran pekerjaan pada posisi yang tersedia di perusahaan ini."
EML0034,lamaran,email_lamaran,halo bapak ibu saya ingin melamar kerja di perusahaan ini sebagai bahan pertimbangan,"Dengan hormat, saya bermaksud mengajukan lamaran pekerjaan pada posisi yang tersedia di perusahaan ini."
EML0035,lamaran,email_lamaran,halo bapak ibu saya ingin melamar kerja di perusahaan ini apabila berkenan,"Dengan hormat, saya bermaksud mengajukan lamaran pekerjaan pada posisi yang tersedia di perusahaan ini."
EML0036,lamaran,email_lamaran,halo bapak ibu saya ingin melamar kerja di perusahaan ini mohon izin,"Dengan hormat, saya bermaksud mengajukan lamaran pekerjaan pada posisi yang tersedia di perusahaan ini."
EML0037,lamaran,email_lamaran,saya ingin melamar posisi digital marketing,"Dengan hormat, saya bermaksud mengajukan lamaran untuk posisi Digital Marketing."
EML0038,lamaran,email_lamaran,saya ingin melamar posisi digital marketing mohon informasinya,"Dengan hormat, saya bermaksud mengajukan lamaran untuk posisi Digital Marketing."
EML0039,lamaran,email_lamaran,saya ingin melamar posisi digital marketing terima kasih,"Dengan hormat, saya bermaksud mengajukan lamaran untuk posisi Digital Marketing."
EML0040,lamaran,email_lamaran,saya ingin melamar posisi digital marketing sebagai bahan pertimbangan,"Dengan hormat, saya bermaksud mengajukan lamaran untuk posisi Digital Marketing."
EML0041,lamaran,email_lamaran,saya ingin melamar posisi digital marketing apabila berkenan,"Dengan hormat, saya bermaksud mengajukan lamaran untuk posisi Digital Marketing."
EML0042,lamaran,email_lamaran,saya ingin melamar posisi digital marketing mohon izin,"Dengan hormat, saya bermaksud mengajukan lamaran untuk posisi Digital Marketing."
EML0043,lamaran,email_lamaran,selamat pagi saya ingin melamar posisi digital marketing,"Dengan hormat, saya bermaksud mengajukan lamaran untuk posisi Digital Marketing."
EML0044,lamaran,email_lamaran,selamat pagi saya ingin melamar posisi digital marketing mohon informasinya,"Dengan hormat, saya bermaksud mengajukan lamaran untuk posisi Digital Marketing."
EML0045,lamaran,email_lamaran,selamat pagi saya ingin melamar posisi digital marketing terima kasih,"Dengan hormat, saya bermaksud mengajukan lamaran untuk posisi Digital Marketing."
EML0046,lamaran,email_lamaran,selamat pagi saya ingin melamar posisi digital marketing sebagai bahan pertimbangan,"Dengan hormat, saya bermaksud mengajukan lamaran untuk posisi Digital Marketing."
EML0047,lamaran,email_lamaran,selamat pagi saya ingin melamar posisi digital marketing apabila berkenan,"Dengan hormat, saya bermaksud mengajukan lamaran untuk posisi Digital Marketing."
EML0048,lamaran,email_lamaran,selamat pagi saya ingin melamar posisi digital marketing mohon izin,"Dengan hormat, saya bermaksud mengajukan lamaran untuk posisi Digital Marketing."
EML0049,lamaran,email_lamaran,selamat siang saya ingin melamar posisi digital marketing,"Dengan hormat, saya bermaksud mengajukan lamaran untuk posisi Digital Marketing."
EML0050,lamaran,email_lamaran,selamat siang saya ingin melamar posisi digital marketing mohon informasinya,"Dengan hormat, saya bermaksud mengajukan lamaran untuk posisi Digital Marketing."
EML0051,lamaran,email_lamaran,selamat siang saya ingin melamar posisi digital marketing terima kasih,"Dengan hormat, saya bermaksud mengajukan lamaran untuk posisi Digital Marketing."
EML0052,lamaran,email_lamaran,selamat siang saya ingin melamar posisi digital marketing sebagai bahan pertimbangan,"Dengan hormat, saya bermaksud mengajukan lamaran untuk posisi Digital Marketing."
EML0053,lamaran,email_lamaran,selamat siang saya ingin melamar posisi digital marketing apabila berkenan,"Dengan hormat, saya bermaksud mengajukan lamaran untuk posisi Digital Marketing."
EML0054,lamaran,email_lamaran,selamat siang saya ingin melamar posisi digital marketing mohon izin,"Dengan hormat, saya bermaksud mengajukan lamaran untuk posisi Digital Marketing."
EML0055,lamaran,email_lamaran,kepada yth saya ingin melamar posisi digital marketing,"Dengan hormat, saya bermaksud mengajukan lamaran untuk posisi Digital Marketing."
EML0056,lamaran,email_lamaran,kepada yth saya ingin melamar posisi digital marketing mohon informasinya,"Dengan hormat, saya bermaksud mengajukan lamaran untuk posisi Digital Marketing."
EML0057,lamaran,email_lamaran,kepada yth saya ingin melamar posisi digital marketing terima kasih,"Dengan hormat, saya bermaksud mengajukan lamaran untuk posisi Digital Marketing."
EML0058,lamaran,email_lamaran,kepada yth saya ingin melamar posisi digital marketing sebagai bahan pertimbangan,"Dengan hormat, saya bermaksud mengajukan lamaran untuk posisi Digital Marketing."
EML0059,lamaran,email_lamaran,kepada yth saya ingin melamar posisi digital marketing apabila berkenan,"Dengan hormat, saya bermaksud mengajukan lamaran untuk posisi Digital Marketing."
EML0060,lamaran,email_lamaran,kepada yth saya ingin melamar posisi digital marketing mohon izin,"Dengan hormat, saya bermaksud mengajukan lamaran untuk posisi Digital Marketing."
EML0061,lamaran,email_lamaran,dear hrd saya ingin melamar posisi digital marketing,"Dengan hormat, saya bermaksud mengajukan lamaran untuk posisi Digital Marketing."
EML0062,lamaran,email_lamaran,dear hrd saya ingin melamar posisi digital marketing mohon informasinya,"Dengan hormat, saya bermaksud mengajukan lamaran untuk posisi Digital Marketing."
EML0063,lamaran,email_lamaran,dear hrd saya ingin melamar posisi digital marketing terima kasih,"Dengan hormat, saya bermaksud mengajukan lamaran untuk posisi Digital Marketing."
EML0064,lamaran,email_lamaran,dear hrd saya ingin melamar posisi digital marketing sebagai bahan pertimbangan,"Dengan hormat, saya bermaksud mengajukan lamaran untuk posisi Digital Marketing."
EML0065,lamaran,email_lamaran,dear hrd saya ingin melamar posisi digital marketing apabila berkenan,"Dengan hormat, saya bermaksud mengajukan lamaran untuk posisi Digital Marketing."
EML0066,lamaran,email_lamaran,dear hrd saya ingin melamar posisi digital marketing mohon izin,"Dengan hormat, saya bermaksud mengajukan lamaran untuk posisi Digital Marketing."
EML0067,lamaran,email_lamaran,halo bapak ibu saya ingin melamar posisi digital marketing,"Dengan hormat, saya bermaksud mengajukan lamaran untuk posisi Digital Marketing."
EML0068,lamaran,email_lamaran,halo bapak ibu saya ingin melamar posisi digital marketing mohon informasinya,"Dengan hormat, saya bermaksud mengajukan lamaran untuk posisi Digital Marketing."
EML0069,lamaran,email_lamaran,halo bapak ibu saya ingin melamar posisi digital marketing terima kasih,"Dengan hormat, saya bermaksud mengajukan lamaran untuk posisi Digital Marketing."
EML0070,lamaran,email_lamaran,halo bapak ibu saya ingin melamar posisi digital marketing sebagai bahan pertimbangan,"Dengan hormat, saya bermaksud mengajukan lamaran untuk posisi Digital Marketing."
EML0071,lamaran,email_lamaran,halo bapak ibu saya ingin melamar posisi digital marketing apabila berkenan,"Dengan hormat, saya bermaksud mengajukan lamaran untuk posisi Digital Marketing."
EML0072,lamaran,email_lamaran,halo bapak ibu saya ingin melamar posisi digital marketing mohon izin,"Dengan hormat, saya bermaksud mengajukan lamaran untuk posisi Digital Marketing."
EML0073,lamaran,email_lamaran,saya ingin mengajukan lamaran untuk posisi admin,"Dengan hormat, saya bermaksud mengajukan lamaran untuk posisi Admin."
EML0074,lamaran,email_lamaran,saya ingin mengajukan lamaran untuk posisi admin mohon informasinya,"Dengan hormat, saya bermaksud mengajukan lamaran untuk posisi Admin."
EML0075,lamaran,email_lamaran,saya ingin mengajukan lamaran untuk posisi admin terima kasih,"Dengan hormat, saya bermaksud mengajukan lamaran untuk posisi Admin."
EML0076,lamaran,email_lamaran,saya ingin mengajukan lamaran untuk posisi admin sebagai bahan pertimbangan,"Dengan hormat, saya bermaksud mengajukan lamaran untuk posisi Admin."
EML0077,lamaran,email_lamaran,saya ingin mengajukan lamaran untuk posisi admin apabila berkenan,"Dengan hormat, saya bermaksud mengajukan lamaran untuk posisi Admin."
EML0078,lamaran,email_lamaran,saya ingin mengajukan lamaran untuk posisi admin mohon izin,"Dengan hormat, saya bermaksud mengajukan lamaran untuk posisi Admin."
EML0079,lamaran,email_lamaran,selamat pagi saya ingin mengajukan lamaran untuk posisi admin,"Dengan hormat, saya bermaksud mengajukan lamaran untuk posisi Admin."
EML0080,lamaran,email_lamaran,selamat pagi saya ingin mengajukan lamaran untuk posisi admin mohon informasinya,"Dengan hormat, saya bermaksud mengajukan lamaran untuk posisi Admin."
EML0081,lamaran,email_lamaran,selamat pagi saya ingin mengajukan lamaran untuk posisi admin terima kasih,"Dengan hormat, saya bermaksud mengajukan lamaran untuk posisi Admin."
EML0082,lamaran,email_lamaran,selamat pagi saya ingin mengajukan lamaran untuk posisi admin sebagai bahan pertimbangan,"Dengan hormat, saya bermaksud mengajukan lamaran untuk posisi Admin."
EML0083,lamaran,email_lamaran,selamat pagi saya ingin mengajukan lamaran untuk posisi admin apabila berkenan,"Dengan hormat, saya bermaksud mengajukan lamaran untuk posisi Admin."
EML0084,lamaran,email_lamaran,selamat pagi saya ingin mengajukan lamaran untuk posisi admin mohon izin,"Dengan hormat, saya bermaksud mengajukan lamaran untuk posisi Admin."
EML0085,lamaran,email_lamaran,selamat siang saya ingin mengajukan lamaran untuk posisi admin,"Dengan hormat, saya bermaksud mengajukan lamaran untuk posisi Admin."
EML0086,lamaran,email_lamaran,selamat siang saya ingin mengajukan lamaran untuk posisi admin mohon informasinya,"Dengan hormat, saya bermaksud mengajukan lamaran untuk posisi Admin."
EML0087,lamaran,email_lamaran,selamat siang saya ingin mengajukan lamaran untuk posisi admin terima kasih,"Dengan hormat, saya bermaksud mengajukan lamaran untuk posisi Admin."
EML0088,lamaran,email_lamaran,selamat siang saya ingin mengajukan lamaran untuk posisi admin sebagai bahan pertimbangan,"Dengan hormat, saya bermaksud mengajukan lamaran untuk posisi Admin."
EML0089,lamaran,email_lamaran,selamat siang saya ingin mengajukan lamaran untuk posisi admin apabila berkenan,"Dengan hormat, saya bermaksud mengajukan lamaran untuk posisi Admin."
EML0090,lamaran,email_lamaran,selamat siang saya ingin mengajukan lamaran untuk posisi admin mohon izin,"Dengan hormat, saya bermaksud mengajukan lamaran untuk posisi Admin."
EML0091,lamaran,email_lamaran,kepada yth saya ingin mengajukan lamaran untuk posisi admin,"Dengan hormat, saya bermaksud mengajukan lamaran untuk posisi Admin."
EML0092,lamaran,email_lamaran,kepada yth saya ingin mengajukan lamaran untuk posisi admin mohon informasinya,"Dengan hormat, saya bermaksud mengajukan lamaran untuk posisi Admin."
EML0093,lamaran,email_lamaran,kepada yth saya ingin mengajukan lamaran untuk posisi admin terima kasih,"Dengan hormat, saya bermaksud mengajukan lamaran untuk posisi Admin."
EML0094,lamaran,email_lamaran,kepada yth saya ingin mengajukan lamaran untuk posisi admin sebagai bahan pertimbangan,"Dengan hormat, saya bermaksud mengajukan lamaran untuk posisi Admin."
EML0095,lamaran,email_lamaran,kepada yth saya ingin mengajukan lamaran untuk posisi admin apabila berkenan,"Dengan hormat, saya bermaksud mengajukan lamaran untuk posisi Admin."
EML0096,lamaran,email_lamaran,kepada yth saya ingin mengajukan lamaran untuk posisi admin mohon izin,"Dengan hormat, saya bermaksud mengajukan lamaran untuk posisi Admin."
EML0097,lamaran,email_lamaran,dear hrd saya ingin mengajukan lamaran untuk posisi admin,"Dengan hormat, saya bermaksud mengajukan lamaran untuk posisi Admin."
EML0098,lamaran,email_lamaran,dear hrd saya ingin mengajukan lamaran untuk posisi admin mohon informasinya,"Dengan hormat, saya bermaksud mengajukan lamaran untuk posisi Admin."
EML0099,lamaran,email_lamaran,dear hrd saya ingin mengajukan lamaran untuk posisi admin terima kasih,"Dengan hormat, saya bermaksud mengajukan lamaran untuk posisi Admin."
EML0100,lamaran,email_lamaran,dear hrd saya ingin mengajukan lamaran untuk posisi admin sebagai bahan pertimbangan,"Dengan hormat, saya bermaksud mengajukan lamaran untuk posisi Admin."
EML0101,lamaran,email_lamaran,dear hrd saya ingin mengajukan lamaran untuk posisi admin apabila berkenan,"Dengan hormat, saya bermaksud mengajukan lamaran untuk posisi Admin."
EML0102,lamaran,email_lamaran,dear hrd saya ingin mengajukan lamaran untuk posisi admin mohon izin,"Dengan hormat, saya bermaksud mengajukan lamaran untuk posisi Admin."
EML0103,lamaran,email_lamaran,halo bapak ibu saya ingin mengajukan lamaran untuk posisi admin,"Dengan hormat, saya bermaksud mengajukan lamaran untuk posisi Admin."
EML0104,lamaran,email_lamaran,halo bapak ibu saya ingin mengajukan lamaran untuk posisi admin mohon informasinya,"Dengan hormat, saya bermaksud mengajukan lamaran untuk posisi Admin."
EML0105,lamaran,email_lamaran,halo bapak ibu saya ingin mengajukan lamaran untuk posisi admin terima kasih,"Dengan hormat, saya bermaksud mengajukan lamaran untuk posisi Admin."
EML0106,lamaran,email_lamaran,halo bapak ibu saya ingin mengajukan lamaran untuk posisi admin sebagai bahan pertimbangan,"Dengan hormat, saya bermaksud mengajukan lamaran untuk posisi Admin."
EML0107,lamaran,email_lamaran,halo bapak ibu saya ingin mengajukan lamaran untuk posisi admin apabila berkenan,"Dengan hormat, saya bermaksud mengajukan lamaran untuk posisi Admin."
EML0108,lamaran,email_lamaran,halo bapak ibu saya ingin mengajukan lamaran untuk posisi admin mohon izin,"Dengan hormat, saya bermaksud mengajukan lamaran untuk posisi Admin."
EML0109,kirim_cv,email_lamaran,saya ingin mengirim cv dan portofolio,"Melalui email ini, saya ingin mengirimkan CV dan portofolio sebagai bahan pertimbangan."
EML0110,kirim_cv,email_lamaran,saya ingin mengirim cv dan portofolio mohon informasinya,"Melalui email ini, saya ingin mengirimkan CV dan portofolio sebagai bahan pertimbangan."
EML0111,kirim_cv,email_lamaran,saya ingin mengirim cv dan portofolio terima kasih,"Melalui email ini, saya ingin mengirimkan CV dan portofolio sebagai bahan pertimbangan."
EML0112,kirim_cv,email_lamaran,saya ingin mengirim cv dan portofolio sebagai bahan pertimbangan,"Melalui email ini, saya ingin mengirimkan CV dan portofolio sebagai bahan pertimbangan."
EML0113,kirim_cv,email_lamaran,saya ingin mengirim cv dan portofolio apabila berkenan,"Melalui email ini, saya ingin mengirimkan CV dan portofolio sebagai bahan pertimbangan."
EML0114,kirim_cv,email_lamaran,saya ingin mengirim cv dan portofolio mohon izin,"Melalui email ini, saya ingin mengirimkan CV dan portofolio sebagai bahan pertimbangan."
EML0115,kirim_cv,email_lamaran,selamat pagi saya ingin mengirim cv dan portofolio,"Melalui email ini, saya ingin mengirimkan CV dan portofolio sebagai bahan pertimbangan."
EML0116,kirim_cv,email_lamaran,selamat pagi saya ingin mengirim cv dan portofolio mohon informasinya,"Melalui email ini, saya ingin mengirimkan CV dan portofolio sebagai bahan pertimbangan."
EML0117,kirim_cv,email_lamaran,selamat pagi saya ingin mengirim cv dan portofolio terima kasih,"Melalui email ini, saya ingin mengirimkan CV dan portofolio sebagai bahan pertimbangan."
EML0118,kirim_cv,email_lamaran,selamat pagi saya ingin mengirim cv dan portofolio sebagai bahan pertimbangan,"Melalui email ini, saya ingin mengirimkan CV dan portofolio sebagai bahan pertimbangan."
EML0119,kirim_cv,email_lamaran,selamat pagi saya ingin mengirim cv dan portofolio apabila berkenan,"Melalui email ini, saya ingin mengirimkan CV dan portofolio sebagai bahan pertimbangan."
EML0120,kirim_cv,email_lamaran,selamat pagi saya ingin mengirim cv dan portofolio mohon izin,"Melalui email ini, saya ingin mengirimkan CV dan portofolio sebagai bahan pertimbangan."
EML0121,kirim_cv,email_lamaran,selamat siang saya ingin mengirim cv dan portofolio,"Melalui email ini, saya ingin mengirimkan CV dan portofolio sebagai bahan pertimbangan."
EML0122,kirim_cv,email_lamaran,selamat siang saya ingin mengirim cv dan portofolio mohon informasinya,"Melalui email ini, saya ingin mengirimkan CV dan portofolio sebagai bahan pertimbangan."
EML0123,kirim_cv,email_lamaran,selamat siang saya ingin mengirim cv dan portofolio terima kasih,"Melalui email ini, saya ingin mengirimkan CV dan portofolio sebagai bahan pertimbangan."
EML0124,kirim_cv,email_lamaran,selamat siang saya ingin mengirim cv dan portofolio sebagai bahan pertimbangan,"Melalui email ini, saya ingin mengirimkan CV dan portofolio sebagai bahan pertimbangan."
EML0125,kirim_cv,email_lamaran,selamat siang saya ingin mengirim cv dan portofolio apabila berkenan,"Melalui email ini, saya ingin mengirimkan CV dan portofolio sebagai bahan pertimbangan."
EML0126,kirim_cv,email_lamaran,selamat siang saya ingin mengirim cv dan portofolio mohon izin,"Melalui email ini, saya ingin mengirimkan CV dan portofolio sebagai bahan pertimbangan."
EML0127,kirim_cv,email_lamaran,kepada yth saya ingin mengirim cv dan portofolio,"Melalui email ini, saya ingin mengirimkan CV dan portofolio sebagai bahan pertimbangan."
EML0128,kirim_cv,email_lamaran,kepada yth saya ingin mengirim cv dan portofolio mohon informasinya,"Melalui email ini, saya ingin mengirimkan CV dan portofolio sebagai bahan pertimbangan."
EML0129,kirim_cv,email_lamaran,kepada yth saya ingin mengirim cv dan portofolio terima kasih,"Melalui email ini, saya ingin mengirimkan CV dan portofolio sebagai bahan pertimbangan."
EML0130,kirim_cv,email_lamaran,kepada yth saya ingin mengirim cv dan portofolio sebagai bahan pertimbangan,"Melalui email ini, saya ingin mengirimkan CV dan portofolio sebagai bahan pertimbangan."
EML0131,kirim_cv,email_lamaran,kepada yth saya ingin mengirim cv dan portofolio apabila berkenan,"Melalui email ini, saya ingin mengirimkan CV dan portofolio sebagai bahan pertimbangan."
EML0132,kirim_cv,email_lamaran,kepada yth saya ingin mengirim cv dan portofolio mohon izin,"Melalui email ini, saya ingin mengirimkan CV dan portofolio sebagai bahan pertimbangan."
EML0133,kirim_cv,email_lamaran,dear hrd saya ingin mengirim cv dan portofolio,"Melalui email ini, saya ingin mengirimkan CV dan portofolio sebagai bahan pertimbangan."
EML0134,kirim_cv,email_lamaran,dear hrd saya ingin mengirim cv dan portofolio mohon informasinya,"Melalui email ini, saya ingin mengirimkan CV dan portofolio sebagai bahan pertimbangan."
EML0135,kirim_cv,email_lamaran,dear hrd saya ingin mengirim cv dan portofolio terima kasih,"Melalui email ini, saya ingin mengirimkan CV dan portofolio sebagai bahan pertimbangan."
EML0136,kirim_cv,email_lamaran,dear hrd saya ingin mengirim cv dan portofolio sebagai bahan pertimbangan,"Melalui email ini, saya ingin mengirimkan CV dan portofolio sebagai bahan pertimbangan."
EML0137,kirim_cv,email_lamaran,dear hrd saya ingin mengirim cv dan portofolio apabila berkenan,"Melalui email ini, saya ingin mengirimkan CV dan portofolio sebagai bahan pertimbangan."
EML0138,kirim_cv,email_lamaran,dear hrd saya ingin mengirim cv dan portofolio mohon izin,"Melalui email ini, saya ingin mengirimkan CV dan portofolio sebagai bahan pertimbangan."
EML0139,kirim_cv,email_lamaran,halo bapak ibu saya ingin mengirim cv dan portofolio,"Melalui email ini, saya ingin mengirimkan CV dan portofolio sebagai bahan pertimbangan."
EML0140,kirim_cv,email_lamaran,halo bapak ibu saya ingin mengirim cv dan portofolio mohon informasinya,"Melalui email ini, saya ingin mengirimkan CV dan portofolio sebagai bahan pertimbangan."
EML0141,kirim_cv,email_lamaran,halo bapak ibu saya ingin mengirim cv dan portofolio terima kasih,"Melalui email ini, saya ingin mengirimkan CV dan portofolio sebagai bahan pertimbangan."
EML0142,kirim_cv,email_lamaran,halo bapak ibu saya ingin mengirim cv dan portofolio sebagai bahan pertimbangan,"Melalui email ini, saya ingin mengirimkan CV dan portofolio sebagai bahan pertimbangan."
EML0143,kirim_cv,email_lamaran,halo bapak ibu saya ingin mengirim cv dan portofolio apabila berkenan,"Melalui email ini, saya ingin mengirimkan CV dan portofolio sebagai bahan pertimbangan."
EML0144,kirim_cv,email_lamaran,halo bapak ibu saya ingin mengirim cv dan portofolio mohon izin,"Melalui email ini, saya ingin mengirimkan CV dan portofolio sebagai bahan pertimbangan."
EML0145,kirim_cv,email_lamaran,berikut saya lampirkan cv saya,"Bersama email ini, saya lampirkan CV sebagai bahan pertimbangan Bapak/Ibu."
EML0146,kirim_cv,email_lamaran,berikut saya lampirkan cv saya mohon informasinya,"Bersama email ini, saya lampirkan CV sebagai bahan pertimbangan Bapak/Ibu."
EML0147,kirim_cv,email_lamaran,berikut saya lampirkan cv saya terima kasih,"Bersama email ini, saya lampirkan CV sebagai bahan pertimbangan Bapak/Ibu."
EML0148,kirim_cv,email_lamaran,berikut saya lampirkan cv saya sebagai bahan pertimbangan,"Bersama email ini, saya lampirkan CV sebagai bahan pertimbangan Bapak/Ibu."
EML0149,kirim_cv,email_lamaran,berikut saya lampirkan cv saya apabila berkenan,"Bersama email ini, saya lampirkan CV sebagai bahan pertimbangan Bapak/Ibu."
EML0150,kirim_cv,email_lamaran,berikut saya lampirkan cv saya mohon izin,"Bersama email ini, saya lampirkan CV sebagai bahan pertimbangan Bapak/Ibu."
